wk_strt_dt,yr_nbr,qtr_nbr,prd,wk_in_yr,transaction_sum,transaction_avg,mtrf_rain,mtrf_temp,mtrf_level,seas_prd_1,seas_prd_2,seas_prd_3,seas_prd_4,seas_prd_5,seas_prd_6,seas_prd_7,seas_prd_8,seas_prd_9,seas_prd_10,seas_prd_11,seas_prd_12
7/06/2021,2021,4,6,24,666.0510331,197.0554199,0,12.3,0.63,0,0,0,0,0,1,0,0,0,0,0,0
8/06/2021,2021,4,6,24,332182.6286,66628.85138,0,11.8,0.63,0,0,0,0,0,1,0,0,0,0,0,0
9/06/2021,2021,4,6,24,1059.336685,353.1122284,12,12.3,0.629,0,0,0,0,0,1,0,0,0,0,0,0
10/06/2021,2021,4,6,24,1059.336685,353.1122284,7,12.8,0.586,0,0,0,0,0,1,0,0,0,0,0,0
11/06/2021,2021,4,6,24,1059.336685,353.1122284,0,11.3,0.57,0,0,0,0,0,1,0,0,0,0,0,0
12/06/2021,2021,4,6,24,1059.336685,353.1122284,0,11.7,0.624,0,0,0,0,0,1,0,0,0,0,0,0
13/06/2021,2021,4,6,24,1059.336685,353.1122284,0,12.1,0.65,0,0,0,0,0,1,0,0,0,0,0,0
14/06/2021,2021,4,6,25,1195.843048,353.1122284,0,11.7,0.667,0,0,0,0,0,1,0,0,0,0,0,0
15/06/2021,2021,4,6,25,1139.436188,353.1122284,0,11.6,0.662,0,0,0,0,0,1,0,0,0,0,0,0
16/06/2021,2021,4,6,25,1059.336685,353.1122284,0,11.8,0.651,0,0,0,0,0,1,0,0,0,0,0,0
17/06/2021,2021,4,6,25,922.8303222,353.1122284,4,12.1,0.641,0,0,0,0,0,1,0,0,0,0,0,0
18/06/2021,2021,4,6,25,1060.193039,353.3976797,0,12.6,0.642,0,0,0,0,0,1,0,0,0,0,0,0
19/06/2021,2021,4,6,25,923.7897033,353.591919,1,11.8,0.702,0,0,0,0,0,1,0,0,0,0,0,0
20/06/2021,2021,4,6,25,786.8036499,353.591919,0,11.9,0.922,0,0,0,0,0,1,0,0,0,0,0,0
21/06/2021,2021,4,6,26,844.2942505,353.633372,0,12,0.919,0,0,0,0,0,1,0,0,0,0,0,0
22/06/2021,2021,4,6,26,353.7094422,353.7094422,0,12,0.915,0,0,0,0,0,1,0,0,0,0,0,0
23/06/2021,2021,4,6,26,767.2333527,354.2627373,0,12,0.92,0,0,0,0,0,1,0,0,0,0,0,0
24/06/2021,2021,4,6,26,492.957901,354.7818833,0,12.3,0.923,0,0,0,0,0,1,0,0,0,0,0,0
25/06/2021,2021,4,6,26,354.8600006,354.8600006,2,12.7,0.924,0,0,0,0,0,1,0,0,0,0,0,0
26/06/2021,2021,4,6,26,354.8600006,354.8600006,11,12.9,0.924,0,0,0,0,0,1,0,0,0,0,0,0
27/06/2021,2021,4,6,26,631.3682709,354.8600006,0,12.7,0.922,0,0,0,0,0,1,0,0,0,0,0,0
28/06/2021,2021,4,6,27,354.8600006,354.8600006,0,11.8,0.926,0,0,0,0,0,1,0,0,0,0,0,0
29/06/2021,2021,4,6,27,354.8600006,354.8600006,0,11.7,1.206,0,0,0,0,0,1,0,0,0,0,0,0
30/06/2021,2021,4,6,27,354.8600006,354.8600006,0,11.9,2.303,0,0,0,0,0,1,0,0,0,0,0,0
1/07/2021,2021,1,7,27,354.8600006,354.8600006,0,12.6,2.208,0,0,0,0,0,0,1,0,0,0,0,0
2/07/2021,2021,1,7,27,493.1141358,354.8600006,25,13.2,1.781,0,0,0,0,0,0,1,0,0,0,0,0
3/07/2021,2021,1,7,27,354.8600006,354.8600006,19,13.6,1.525,0,0,0,0,0,0,1,0,0,0,0,0
4/07/2021,2021,1,7,27,891.8765412,385.4235344,2,13.9,1.652,0,0,0,0,0,0,1,0,0,0,0,0
5/07/2021,2021,1,7,28,354.8600006,354.8600006,0,13.7,1.864,0,0,0,0,0,0,1,0,0,0,0,0
6/07/2021,2021,1,7,28,354.8600006,354.8600006,0,13.1,2.252,0,0,0,0,0,0,1,0,0,0,0,0
7/07/2021,2021,1,7,28,354.8600006,354.8600006,0,12.8,2.385,0,0,0,0,0,0,1,0,0,0,0,0
8/07/2021,2021,1,7,28,354.8600006,354.8600006,0,12.6,2.263,0,0,0,0,0,0,1,0,0,0,0,0
9/07/2021,2021,1,7,28,354.8600006,354.8600006,2,12.6,1.848,0,0,0,0,0,0,1,0,0,0,0,0
10/07/2021,2021,1,7,28,631.3682709,354.8600006,18,12.8,1.616,0,0,0,0,0,0,1,0,0,0,0,0
11/07/2021,2021,1,7,28,354.8600006,354.8600006,0,13,2.943,0,0,0,0,0,0,1,0,0,0,0,0
12/07/2021,2021,1,7,29,1064.580002,354.8600006,0,13.7,4.822,0,0,0,0,0,0,1,0,0,0,0,0
13/07/2021,2021,1,7,29,1064.580002,354.8600006,0,13.5,3.102,0,0,0,0,0,0,1,0,0,0,0,0
14/07/2021,2021,1,7,29,1471.342407,353.5266673,0,13.4,2.509,0,0,0,0,0,0,1,0,0,0,0,0
15/07/2021,2021,1,7,29,1341.088272,354.8600006,0,13.5,2.477,0,0,0,0,0,0,1,0,0,0,0,0
16/07/2021,2021,1,7,29,1202.834137,354.8600006,14,14.1,2.248,0,0,0,0,0,0,1,0,0,0,0,0
17/07/2021,2021,1,7,29,1064.580002,354.8600006,3,14.3,2.139,0,0,0,0,0,0,1,0,0,0,0,0
18/07/2021,2021,1,7,29,1064.580002,354.8600006,0,14.1,2.976,0,0,0,0,0,0,1,0,0,0,0,0
19/07/2021,2021,1,7,30,1064.580002,354.8600006,0,13.8,3.409,0,0,0,0,0,0,1,0,0,0,0,0
20/07/2021,2021,1,7,30,1064.580002,354.8600006,0,13.3,2.587,0,0,0,0,0,0,1,0,0,0,0,0
21/07/2021,2021,1,7,30,1064.580002,354.8600006,0,13,2.49,0,0,0,0,0,0,1,0,0,0,0,0
22/07/2021,2021,1,7,30,1064.580811,354.8602702,0,12.8,2.424,0,0,0,0,0,0,1,0,0,0,0,0
23/07/2021,2021,1,7,30,1064.580002,354.8600006,0,12.1,2.097,0,0,0,0,0,0,1,0,0,0,0,0
24/07/2021,2021,1,7,30,1064.580002,354.8600006,8,12,2.06,0,0,0,0,0,0,1,0,0,0,0,0
25/07/2021,2021,1,7,30,926.3258667,354.8600006,0,12,2.029,0,0,0,0,0,0,1,0,0,0,0,0
26/07/2021,2021,1,7,31,1341.088272,354.8600006,0,12,1.981,0,0,0,0,0,0,1,0,0,0,0,0
27/07/2021,2021,1,7,31,1397.088272,366.0600006,0,11.7,1.918,0,0,0,0,0,0,1,0,0,0,0,0
28/07/2021,2021,1,7,31,1341.088272,354.8600006,0,11.6,1.848,0,0,0,0,0,0,1,0,0,0,0,0
29/07/2021,2021,1,7,31,1064.580002,354.8600006,0,12,1.654,0,0,0,0,0,0,1,0,0,0,0,0
30/07/2021,2021,1,7,31,1364.088272,359.4600006,1,12.5,1.457,0,0,0,0,0,0,1,0,0,0,0,0
31/07/2021,2021,1,7,31,1340.834366,354.8092194,0,12.3,1.36,0,0,0,0,0,0,1,0,0,0,0,0
1/08/2021,2021,1,8,31,1064.580002,354.8600006,0,12.8,1.316,0,0,0,0,0,0,0,1,0,0,0,0
2/08/2021,2021,1,8,32,926.3258667,354.8600006,0,13.2,1.301,0,0,0,0,0,0,0,1,0,0,0,0
3/08/2021,2021,1,8,32,1064.580002,354.8600006,4,13.6,1.291,0,0,0,0,0,0,0,1,0,0,0,0
4/08/2021,2021,1,8,32,1064.580002,354.8600006,5,14.1,1.288,0,0,0,0,0,0,0,1,0,0,0,0
5/08/2021,2021,1,8,32,1469.343048,353.1934408,0,13.4,1.276,0,0,0,0,0,0,0,1,0,0,0,0
6/08/2021,2021,1,8,32,1064.580963,354.8603211,0,13.1,1.261,0,0,0,0,0,0,0,1,0,0,0,0
7/08/2021,2021,1,8,32,1066.490326,355.4967753,0,12.9,1.249,0,0,0,0,0,0,0,1,0,0,0,0
8/08/2021,2021,1,8,32,2170.119033,354.8150871,0,12.7,1.177,0,0,0,0,0,0,0,1,0,0,0,0
9/08/2021,2021,1,8,33,1069.956924,356.6523082,0,12.5,1.055,0,0,0,0,0,0,0,1,0,0,0,0
10/08/2021,2021,1,8,33,791.0639953,357.8522644,0,13.3,0.998,0,0,0,0,0,0,0,1,0,0,0,0
11/08/2021,2021,1,8,33,1080.339493,360.1131642,0,13.7,0.976,0,0,0,0,0,0,0,1,0,0,0,0
12/08/2021,2021,1,8,33,1519.645393,361.5771764,0,13.8,0.963,0,0,0,0,0,0,0,1,0,0,0,0
13/08/2021,2021,1,8,33,1823.245705,363.2843933,0,14.2,0.95,0,0,0,0,0,0,0,1,0,0,0,0
14/08/2021,2021,1,8,33,1388.896111,364.4215775,0,14.4,0.936,0,0,0,0,0,0,0,1,0,0,0,0
15/08/2021,2021,1,8,33,2274.501182,364.30439,0,14.3,0.939,0,0,0,0,0,0,0,1,0,0,0,0
16/08/2021,2021,1,8,34,851.0714188,375.222271,0,14.5,0.927,0,0,0,0,0,0,0,1,0,0,0,0
17/08/2021,2021,1,8,34,810.819191,365.1592141,0,14.9,0.921,0,0,0,0,0,0,0,1,0,0,0,0
18/08/2021,2021,1,8,34,365.4846268,365.4846268,0,14,0.921,0,0,0,0,0,0,0,1,0,0,0,0
19/08/2021,2021,1,8,34,1114.297157,366.2210999,0,13.6,0.919,0,0,0,0,0,0,0,1,0,0,0,0
20/08/2021,2021,1,8,34,551.3753624,367.1768284,0,14.3,0.91,0,0,0,0,0,0,0,1,0,0,0,0
21/08/2021,2021,1,8,34,1126.561184,368.9507485,0,14.8,0.899,0,0,0,0,0,0,0,1,0,0,0,0
22/08/2021,2021,1,8,34,1441.69514,370.4619713,0,15.1,0.888,0,0,0,0,0,0,0,1,0,0,0,0
23/08/2021,2021,1,8,35,371.384594,371.384594,0,15.2,0.875,0,0,0,0,0,0,0,1,0,0,0,0
24/08/2021,2021,1,8,35,373.8178063,373.8178063,0,15.8,0.843,0,0,0,0,0,0,0,1,0,0,0,0
25/08/2021,2021,1,8,35,844.2653618,374.1378365,10,16.1,0.816,0,0,0,0,0,0,0,1,0,0,0,0
26/08/2021,2021,1,8,35,374.6211358,374.6211358,0,14.9,0.8,0,0,0,0,0,0,0,1,0,0,0,0
27/08/2021,2021,1,8,35,437.1520539,374.9325352,0,13.5,0.777,0,0,0,0,0,0,0,1,0,0,0,0
28/08/2021,2021,1,8,35,757.6953126,378.8086799,0,13,0.756,0,0,0,0,0,0,0,1,0,0,0,0
29/08/2021,2021,1,8,35,667.7992134,368.8518155,0,12.8,0.743,0,0,0,0,0,0,0,1,0,0,0,0
30/08/2021,2021,1,8,36,2545.269634,381.6346205,0,13.2,0.729,0,0,0,0,0,0,0,1,0,0,0,0
31/08/2021,2021,1,8,36,1763.395198,385.2169217,0,13.4,0.744,0,0,0,0,0,0,0,1,0,0,0,0
1/09/2021,2021,1,9,36,386.6554222,386.6554222,0,14.1,0.733,0,0,0,0,0,0,0,0,1,0,0,0
2/09/2021,2021,1,9,36,386.6554222,386.6554222,0,15.6,0.697,0,0,0,0,0,0,0,0,1,0,0,0
3/09/2021,2021,1,9,36,948.4001351,387.2936669,0,17.1,0.655,0,0,0,0,0,0,0,0,1,0,0,0
4/09/2021,2021,1,9,36,388.0970573,388.0970573,0,16.9,0.662,0,0,0,0,0,0,0,0,1,0,0,0
5/09/2021,2021,1,9,36,553.266819,388.1138344,0,16.4,0.627,0,0,0,0,0,0,0,0,1,0,0,0
6/09/2021,2021,1,9,37,388.1138344,388.1138344,1,16.3,0.603,0,0,0,0,0,0,0,0,1,0,0,0
7/09/2021,2021,1,9,37,719.461216,388.4625893,1,14.5,0.604,0,0,0,0,0,0,0,0,1,0,0,0
8/09/2021,2021,1,9,37,1446.041413,389.6067379,0,13.8,0.617,0,0,0,0,0,0,0,0,1,0,0,0
9/09/2021,2021,1,9,37,1573.098103,391.6846446,0,13.7,0.655,0,0,0,0,0,0,0,0,1,0,0,0
10/09/2021,2021,1,9,37,738.2120552,393.4121542,0,14.3,0.655,0,0,0,0,0,0,0,0,1,0,0,0
11/09/2021,2021,1,9,37,742.3910332,394.6667681,0,14.3,0.626,0,0,0,0,0,0,0,0,1,0,0,0
12/09/2021,2021,1,9,37,576.6440888,395.741396,0,14.4,0.611,0,0,0,0,0,0,0,0,1,0,0,0
13/09/2021,2021,1,9,38,1335.496021,397.3176527,0,15.6,0.603,0,0,0,0,0,0,0,0,1,0,0,0
14/09/2021,2021,1,9,38,1998.896904,400.2092412,0,17.3,0.608,0,0,0,0,0,0,0,0,1,0,0,0
15/09/2021,2021,1,9,38,1717.760517,403.6195815,0,15.8,0.636,0,0,0,0,0,0,0,0,1,0,0,0
16/09/2021,2021,1,9,38,1235.960064,406.0899036,0,14.7,0.614,0,0,0,0,0,0,0,0,1,0,0,0
17/09/2021,2021,1,9,38,1108.157932,407.735154,0,14.3,0.61,0,0,0,0,0,0,0,0,1,0,0,0
18/09/2021,2021,1,9,38,1289.831134,409.000726,0,14.6,0.597,0,0,0,0,0,0,0,0,1,0,0,0
19/09/2021,2021,1,9,38,2478.909634,411.3180948,0,16,0.601,0,0,0,0,0,0,0,0,1,0,0,0
20/09/2021,2021,1,9,39,2729.508617,414.920039,0,17.7,0.603,0,0,0,0,0,0,0,0,1,0,0,0
21/09/2021,2021,1,9,39,1515.680164,417.560008,0,17.4,0.692,0,0,0,0,0,0,0,0,1,0,0,0
22/09/2021,2021,1,9,39,1895.336537,419.0729324,0,16.4,0.926,0,0,0,0,0,0,0,0,1,0,0,0
23/09/2021,2021,1,9,39,2341.314587,422.2854902,0,15.6,0.863,0,0,0,0,0,0,0,0,1,0,0,0
24/09/2021,2021,1,9,39,5257.75626,431.2453479,0,15.8,0.738,0,0,0,0,0,0,0,0,1,0,0,0
25/09/2021,2021,1,9,39,2150.310391,436.9311723,0,16.4,0.736,0,0,0,0,0,0,0,0,1,0,0,0
26/09/2021,2021,1,9,39,1209.91013,438.8828346,0,16.7,0.734,0,0,0,0,0,0,0,0,1,0,0,0
27/09/2021,2021,1,9,40,826.8640556,439.7057915,0,17.2,0.735,0,0,0,0,0,0,0,0,1,0,0,0
28/09/2021,2021,1,9,40,439.8964806,439.8964806,0,17.6,0.707,0,0,0,0,0,0,0,0,1,0,0,0
29/09/2021,2021,1,9,40,632.8967705,439.5117149,0,17.2,0.608,0,0,0,0,0,0,0,0,1,0,0,0
30/09/2021,2021,1,9,40,568.6663017,407.3964806,5,16.5,0.571,0,0,0,0,0,0,0,0,1,0,0,0
1/10/2021,2021,2,10,40,439.9141579,439.9141579,25,16.6,0.562,0,0,0,0,0,0,0,0,0,1,0,0
2/10/2021,2021,2,10,40,503.3834115,440.1642476,2,17.5,0.566,0,0,0,0,0,0,0,0,0,1,0,0
3/10/2021,2021,2,10,40,1084.942719,441.123818,0,17.3,0.554,0,0,0,0,0,0,0,0,0,1,0,0
4/10/2021,2021,2,10,41,2474.833405,444.8588853,0,17.2,0.551,0,0,0,0,0,0,0,0,0,1,0,0
5/10/2021,2021,2,10,41,4073.435028,449.8567935,0,18.2,0.549,0,0,0,0,0,0,0,0,0,1,0,0
6/10/2021,2021,2,10,41,3598.164093,457.0288756,0,17.9,0.55,0,0,0,0,0,0,0,0,0,1,0,0
7/10/2021,2021,2,10,41,3071.591377,464.6712725,0,17.1,0.554,0,0,0,0,0,0,0,0,0,1,0,0
8/10/2021,2021,2,10,41,1955.613686,468.58345,0,16.4,0.552,0,0,0,0,0,0,0,0,0,1,0,0
9/10/2021,2021,2,10,41,4033.147278,472.8336597,0,17.8,0.67,0,0,0,0,0,0,0,0,0,1,0,0
10/10/2021,2021,2,10,41,1757.220413,476.4922377,0,19.8,0.845,0,0,0,0,0,0,0,0,0,1,0,0
11/10/2021,2021,2,10,42,268.4283447,268.4283447,0,21.3,0.832,0,0,0,0,0,0,0,0,0,1,0,0
12/10/2021,2021,2,10,42,691.0166015,479.7224731,7,21.6,0.828,0,0,0,0,0,0,0,0,0,1,0,0
13/10/2021,2021,2,10,42,903.0021209,479.9529368,11,20.7,0.849,0,0,0,0,0,0,0,0,0,1,0,0
14/10/2021,2021,2,10,42,1327.56485,480.2556457,4,20.9,0.831,0,0,0,0,0,0,0,0,0,1,0,0
15/10/2021,2021,2,10,42,480.5014954,480.5014954,1,21.6,0.858,0,0,0,0,0,0,0,0,0,1,0,0
16/10/2021,2021,2,10,42,1613.758873,481.2530518,0,21.9,0.816,0,0,0,0,0,0,0,0,0,1,0,0
17/10/2021,2021,2,10,42,2604.39225,483.7551507,0,20.9,0.846,0,0,0,0,0,0,0,0,0,1,0,0
18/10/2021,2021,2,10,43,2464.381531,481.0670806,0,20.1,0.952,0,0,0,0,0,0,0,0,0,1,0,0
19/10/2021,2021,2,10,43,2375.242028,490.8227059,0,20.2,0.916,0,0,0,0,0,0,0,0,0,1,0,0
20/10/2021,2021,2,10,43,3631.024162,411.6323326,0,20.6,0.844,0,0,0,0,0,0,0,0,0,1,0,0
21/10/2021,2021,2,10,43,1472.043045,498.3080368,0,21,0.803,0,0,0,0,0,0,0,0,0,1,0,0
22/10/2021,2021,2,10,43,2343.432991,491.5562939,0,21.1,0.759,0,0,0,0,0,0,0,0,0,1,0,0
23/10/2021,2021,2,10,43,2757.639984,504.1498275,0,21.6,0.715,0,0,0,0,0,0,0,0,0,1,0,0
24/10/2021,2021,2,10,43,3810.552872,507.232923,0,23.1,0.69,0,0,0,0,0,0,0,0,0,1,0,0
25/10/2021,2021,2,10,44,5068.876327,512.7500859,0,23.2,0.72,0,0,0,0,0,0,0,0,0,1,0,0
26/10/2021,2021,2,10,44,4795.076263,519.8995223,0,22.2,0.708,0,0,0,0,0,0,0,0,0,1,0,0
27/10/2021,2021,2,10,44,1483.16227,524.0948537,0,21.7,0.692,0,0,0,0,0,0,0,0,0,1,0,0
28/10/2021,2021,2,10,44,2857.777031,526.7017479,0,22.7,0.683,0,0,0,0,0,0,0,0,0,1,0,0
29/10/2021,2021,2,10,44,1241.008965,528.9303132,0,24,0.679,0,0,0,0,0,0,0,0,0,1,0,0
30/10/2021,2021,2,10,44,291.6993866,291.6993866,46,23.7,0.682,0,0,0,0,0,0,0,0,0,1,0,0
31/10/2021,2021,2,10,44,291.6993866,291.6993866,0,23.5,0.546,0,0,0,0,0,0,0,0,0,1,0,0
1/11/2021,2021,2,11,45,1481.779206,529.7301208,0,23,0.53,0,0,0,0,0,0,0,0,0,0,1,0
2/11/2021,2021,2,11,45,4409.719185,532.8079762,0,21.5,0.663,0,0,0,0,0,0,0,0,0,0,1,0
3/11/2021,2021,2,11,45,1781.229591,517.9794021,0,22.4,0.732,0,0,0,0,0,0,0,0,0,0,1,0
4/11/2021,2021,2,11,45,669.7451705,295.682518,0,22.8,0.776,0,0,0,0,0,0,0,0,0,0,1,0
5/11/2021,2021,2,11,45,296.2670517,296.2670517,0,23.7,0.807,0,0,0,0,0,0,0,0,0,0,1,0
6/11/2021,2021,2,11,45,1707.057648,545.3034477,0,23.1,0.763,0,0,0,0,0,0,0,0,0,0,1,0
7/11/2021,2021,2,11,45,1212.889832,506.9419136,2,21.7,0.726,0,0,0,0,0,0,0,0,0,0,1,0
8/11/2021,2021,2,11,46,547.204895,547.204895,35,22.3,0.724,0,0,0,0,0,0,0,0,0,0,1,0
9/11/2021,2021,2,11,46,547.204895,547.204895,3,22.8,0.752,0,0,0,0,0,0,0,0,0,0,1,0
10/11/2021,2021,2,11,46,547.204895,547.204895,0,23.8,0.729,0,0,0,0,0,0,0,0,0,0,1,0
11/11/2021,2021,2,11,46,547.204895,547.204895,29,24.7,0.704,0,0,0,0,0,0,0,0,0,0,1,0
12/11/2021,2021,2,11,46,1043.592224,547.0824992,2,24.1,1.658,0,0,0,0,0,0,0,0,0,0,1,0
13/11/2021,2021,2,11,46,547.204895,547.204895,0,23.6,2.147,0,0,0,0,0,0,0,0,0,0,1,0
14/11/2021,2021,2,11,46,298.8276367,298.8276367,0,23.3,3.113,0,0,0,0,0,0,0,0,0,0,1,0
15/11/2021,2021,2,11,47,298.8276367,298.8276367,0,22.2,2.512,0,0,0,0,0,0,0,0,0,0,1,0
16/11/2021,2021,2,11,47,687.7550277,299.2844894,0,21.9,2.443,0,0,0,0,0,0,0,0,0,0,1,0
17/11/2021,2021,2,11,47,2686.849335,302.34768,0,21.7,2.047,0,0,0,0,0,0,0,0,0,0,1,0
18/11/2021,2021,2,11,47,3377.970993,307.7637017,0,22.2,1.738,0,0,0,0,0,0,0,0,0,0,1,0
19/11/2021,2021,2,11,47,4422.90728,314.2021369,0,22.4,1.726,0,0,0,0,0,0,0,0,0,0,1,0
20/11/2021,2021,2,11,47,2068.880622,319.8627212,0,23,1.535,0,0,0,0,0,0,0,0,0,0,1,0
21/11/2021,2021,2,11,47,321.6887283,321.6887283,10,23.5,1.465,0,0,0,0,0,0,0,0,0,0,1,0
22/11/2021,2021,2,11,48,321.6887283,321.6887283,28,23,1.369,0,0,0,0,0,0,0,0,0,0,1,0
23/11/2021,2021,2,11,48,577.2807235,577.2807235,5,23,1.208,0,0,0,0,0,0,0,0,0,0,1,0
24/11/2021,2021,2,11,48,577.2807235,577.2807235,1,23.1,2.401,0,0,0,0,0,0,0,0,0,0,1,0
25/11/2021,2021,2,11,48,577.2807235,577.2807235,0,23.6,3.315,0,0,0,0,0,0,0,0,0,0,1,0
26/11/2021,2021,2,11,48,833.0376205,577.3631744,0,23.6,2.452,0,0,0,0,0,0,0,0,0,0,1,0
27/11/2021,2021,2,11,48,577.5443802,577.5443802,12,23.9,2.277,0,0,0,0,0,0,0,0,0,0,1,0
28/11/2021,2021,2,11,48,577.5443802,577.5443802,106,24.3,2.349,0,0,0,0,0,0,0,0,0,0,1,0
29/11/2021,2021,2,11,49,321.6887283,321.6887283,12,22.7,2.988,0,0,0,0,0,0,0,0,0,0,1,0
30/11/2021,2021,2,11,49,577.5443802,577.5443802,0,23.4,2.502,0,0,0,0,0,0,0,0,0,0,1,0
1/12/2021,2021,2,12,49,577.5644455,577.5644455,41,23.6,2.435,0,0,0,0,0,0,0,0,0,0,0,1
2/12/2021,2021,2,12,49,577.5660476,577.5660476,10,23.3,7.731,0,0,0,0,0,0,0,0,0,0,0,1
3/12/2021,2021,2,12,49,577.5660476,577.5660476,1,23.3,9.65,0,0,0,0,0,0,0,0,0,0,0,1
4/12/2021,2021,2,12,49,833.4233322,577.5660476,0,24.1,7.08,0,0,0,0,0,0,0,0,0,0,0,1
5/12/2021,2021,2,12,49,321.7087631,321.7087631,0,24.6,4.361,0,0,0,0,0,0,0,0,0,0,0,1
6/12/2021,2021,2,12,50,321.7087631,321.7087631,0,24.4,3.45,0,0,0,0,0,0,0,0,0,0,0,1
7/12/2021,2021,2,12,50,321.7087631,321.7087631,0,23.7,2.691,0,0,0,0,0,0,0,0,0,0,0,1
8/12/2021,2021,2,12,50,577.5660476,577.5660476,0,24.2,2.242,0,0,0,0,0,0,0,0,0,0,0,1
9/12/2021,2021,2,12,50,577.5660476,577.5660476,8,24.8,2.203,0,0,0,0,0,0,0,0,0,0,0,1
10/12/2021,2021,2,12,50,577.5660476,577.5660476,54,24.5,2.285,0,0,0,0,0,0,0,0,0,0,0,1
11/12/2021,2021,2,12,50,1571.459984,556.8949539,0,24.4,3.799,0,0,0,0,0,0,0,0,0,0,0,1
12/12/2021,2021,2,12,50,321.7087631,321.7087631,0,24.1,4.92,0,0,0,0,0,0,0,0,0,0,0,1
13/12/2021,2021,2,12,51,321.7087631,321.7087631,0,24.3,3.4,0,0,0,0,0,0,0,0,0,0,0,1
14/12/2021,2021,2,12,51,577.5660476,577.5660476,0,24.5,2.528,0,0,0,0,0,0,0,0,0,0,0,1
15/12/2021,2021,2,12,51,577.5660476,577.5660476,0,24.9,2.222,0,0,0,0,0,0,0,0,0,0,0,1
16/12/2021,2021,2,12,51,833.4233322,577.5660476,0,25.4,2.175,0,0,0,0,0,0,0,0,0,0,0,1
17/12/2021,2021,2,12,51,1583.950431,578.3665619,0,25.5,2.126,0,0,0,0,0,0,0,0,0,0,0,1
18/12/2021,2021,2,12,51,3971.820686,582.0912634,0,25.9,2.073,0,0,0,0,0,0,0,0,0,0,0,1
19/12/2021,2021,2,12,51,4102.399315,587.5320396,0,26.1,2.09,0,0,0,0,0,0,0,0,0,0,0,1
20/12/2021,2021,2,12,52,4234.694801,593.0443516,0,26.8,1.832,0,0,0,0,0,0,0,0,0,0,0,1
21/12/2021,2021,2,12,52,1730.336433,596.6648121,0,27.1,1.625,0,0,0,0,0,0,0,0,0,0,0,1
22/12/2021,2021,2,12,52,983.1848068,555.4702377,3,27.7,1.53,0,0,0,0,0,0,0,0,0,0,0,1
23/12/2021,2021,2,12,52,597.4702377,597.4702377,2,27.2,1.515,0,0,0,0,0,0,0,0,0,0,0,1
24/12/2021,2021,2,12,52,671.7033844,597.6866265,0,27.2,1.399,0,0,0,0,0,0,0,0,0,0,0,1
25/12/2021,2021,2,12,52,566.4336472,342.4678498,1,27.3,1.389,0,0,0,0,0,0,0,0,0,0,0,1
26/12/2021,2021,2,12,52,1717.977371,344.4040604,6,27.1,1.374,0,0,0,0,0,0,0,0,0,0,0,1
27/12/2021,2021,2,12,53,4534.452866,604.5722841,0,27.1,1.419,0,0,0,0,0,0,0,0,0,0,0,1
28/12/2021,2021,2,12,53,4593.411979,610.4153805,0,27,2.155,0,0,0,0,0,0,0,0,0,0,0,1
29/12/2021,2021,2,12,53,1930.149452,613.9631228,1,26.4,2.116,0,0,0,0,0,0,0,0,0,0,0,1
30/12/2021,2021,2,12,53,358.7899552,358.7899552,0,24.8,2.666,0,0,0,0,0,0,0,0,0,0,0,1
31/12/2021,2021,2,12,53,358.7899552,358.7899552,0,24.5,2.256,0,0,0,0,0,0,0,0,0,0,0,1
1/01/2022,2022,3,1,1,358.7899552,358.7899552,7,24.9,2.048,1,0,0,0,0,0,0,0,0,0,0,0
2/01/2022,2022,3,1,1,358.7899552,358.7899552,11,24.6,1.765,1,0,0,0,0,0,0,0,0,0,0,0
3/01/2022,2022,3,1,2,614.6472397,614.6472397,0,24.8,1.584,1,0,0,0,0,0,0,0,0,0,0,0
4/01/2022,2022,3,1,2,1383.529899,614.9749413,0,25,1.54,1,0,0,0,0,0,0,0,0,0,0,0
5/01/2022,2022,3,1,2,1684.609917,616.1141979,0,25.3,1.455,1,0,0,0,0,0,0,0,0,0,0,0
6/01/2022,2022,3,1,2,4799.134102,619.7441833,0,26.1,1.395,1,0,0,0,0,0,0,0,0,0,0,0
7/01/2022,2022,3,1,2,4931.901451,625.2761561,0,26.9,1.363,1,0,0,0,0,0,0,0,0,0,0,0
8/01/2022,2022,3,1,2,5064.098503,630.7843666,0,27.1,1.272,1,0,0,0,0,0,0,0,0,0,0,0
9/01/2022,2022,3,1,2,633.5453263,633.5453263,0,27.3,1.197,1,0,0,0,0,0,0,0,0,0,0,0
10/01/2022,2022,3,1,3,633.5453263,633.5453263,0,27.6,1.152,1,0,0,0,0,0,0,0,0,0,0,0
11/01/2022,2022,3,1,3,710.0971146,633.6461411,0,28.1,1.126,1,0,0,0,0,0,0,0,0,0,0,0
12/01/2022,2022,3,1,3,2654.239632,635.4878241,0,28.4,1.102,1,0,0,0,0,0,0,0,0,0,0,0
13/01/2022,2022,3,1,3,5637.01548,640.3771935,0,28.3,1.08,1,0,0,0,0,0,0,0,0,0,0,0
14/01/2022,2022,3,1,3,5776.835991,647.1469587,0,27.7,1.043,1,0,0,0,0,0,0,0,0,0,0,0
15/01/2022,2022,3,1,3,5578.153572,397.1640053,0,27,1.047,1,0,0,0,0,0,0,0,0,0,0,0
16/01/2022,2022,3,1,3,5550.550049,403.4854044,0,27.1,1.056,1,0,0,0,0,0,0,0,0,0,0,0
17/01/2022,2022,3,1,4,7304.927399,666.1236567,0,27.7,1.007,1,0,0,0,0,0,0,0,0,0,0,0
18/01/2022,2022,3,1,4,2334.011078,670.5627232,0,28.5,0.958,1,0,0,0,0,0,0,0,0,0,0,0
19/01/2022,2022,3,1,4,671.599556,671.599556,30,28.5,0.971,1,0,0,0,0,0,0,0,0,0,0,0
20/01/2022,2022,3,1,4,671.599556,671.599556,4,28,1.043,1,0,0,0,0,0,0,0,0,0,0,0
21/01/2022,2022,3,1,4,414.9523087,414.9523087,0,27,1.378,1,0,0,0,0,0,0,0,0,0,0,0
22/01/2022,2022,3,1,4,671.599556,671.599556,0,26.5,1.39,1,0,0,0,0,0,0,0,0,0,0,0
23/01/2022,2022,3,1,4,671.599556,671.599556,0,26.1,1.35,1,0,0,0,0,0,0,0,0,0,0,0
24/01/2022,2022,3,1,5,671.6176987,671.6176987,0,26.3,1.203,1,0,0,0,0,0,0,0,0,0,0,0
25/01/2022,2022,3,1,5,1444.43148,672.3496247,0,26.6,1.122,1,0,0,0,0,0,0,0,0,0,0,0
26/01/2022,2022,3,1,5,1187.135155,672.3710557,1,26.6,1.012,1,0,0,0,0,0,0,0,0,0,0,0
27/01/2022,2022,3,1,5,1252.202294,694.0601019,7,26,0.92,1,0,0,0,0,0,0,0,0,0,0,0
28/01/2022,2022,3,1,5,414.9890061,414.9890061,0,25.8,0.905,1,0,0,0,0,0,0,0,0,0,0,0
29/01/2022,2022,3,1,5,582.5460282,415.2513301,0,26.2,0.889,1,0,0,0,0,0,0,0,0,0,0,0
30/01/2022,2022,3,1,5,415.5905305,415.5905305,0,27,0.882,1,0,0,0,0,0,0,0,0,0,0,0
31/01/2022,2022,3,1,6,415.7985688,415.7985688,0,27.6,0.884,1,0,0,0,0,0,0,0,0,0,0,0
1/02/2022,2022,3,2,6,415.851761,415.851761,0,27.9,0.867,0,1,0,0,0,0,0,0,0,0,0,0
2/02/2022,2022,3,2,6,415.851761,415.851761,0,28.3,0.848,0,1,0,0,0,0,0,0,0,0,0,0
3/02/2022,2022,3,2,6,678.8618928,678.8618928,2,28.3,0.853,0,1,0,0,0,0,0,0,0,0,0,0
4/02/2022,2022,3,2,6,678.8618928,678.8618928,20,27.6,0.91,0,1,0,0,0,0,0,0,0,0,0,0
5/02/2022,2022,3,2,6,678.8618928,678.8618928,0,26.9,0.914,0,1,0,0,0,0,0,0,0,0,0,0
6/02/2022,2022,3,2,6,941.8720247,678.8618928,0,25.8,1.825,0,1,0,0,0,0,0,0,0,0,0,0
7/02/2022,2022,3,2,7,415.851761,415.851761,0,25.1,2.119,0,1,0,0,0,0,0,0,0,0,0,0
8/02/2022,2022,3,2,7,678.8618928,678.8618928,0,25.1,1.449,0,1,0,0,0,0,0,0,0,0,0,0
9/02/2022,2022,3,2,7,3586.115219,680.0403825,0,25.3,1.161,0,1,0,0,0,0,0,0,0,0,0,0
10/02/2022,2022,3,2,7,681.4429475,681.4429475,0,25.1,1.077,0,1,0,0,0,0,0,0,0,0,0,0
11/02/2022,2022,3,2,7,2543.372208,681.8087731,0,25.4,1.035,0,1,0,0,0,0,0,0,0,0,0,0
12/02/2022,2022,3,2,7,3349.94574,684.3179791,0,25.7,0.992,0,1,0,0,0,0,0,0,0,0,0,0
13/02/2022,2022,3,2,7,3731.534607,687.4708702,0,25.4,0.958,0,1,0,0,0,0,0,0,0,0,0,0
14/02/2022,2022,3,2,8,1124.247009,689.7150535,0,25.5,0.914,0,1,0,0,0,0,0,0,0,0,0,0
15/02/2022,2022,3,2,8,4042.946655,692.27226,0,25.5,0.888,0,1,0,0,0,0,0,0,0,0,0,0
16/02/2022,2022,3,2,8,961.447258,694.4042625,0,25.5,0.876,0,1,0,0,0,0,0,0,0,0,0,0
17/02/2022,2022,3,2,8,784.6879577,695.0389442,0,25.6,0.863,0,1,0,0,0,0,0,0,0,0,0,0
18/02/2022,2022,3,2,8,695.3641815,695.3641815,0,26,0.815,0,1,0,0,0,0,0,0,0,0,0,0
19/02/2022,2022,3,2,8,695.3651352,695.3651352,0,26.6,0.817,0,1,0,0,0,0,0,0,0,0,0,0
20/02/2022,2022,3,2,8,695.3651352,695.3651352,0,27,0.808,0,1,0,0,0,0,0,0,0,0,0,0
21/02/2022,2022,3,2,9,2068.605522,696.0997239,0,26.3,0.796,0,1,0,0,0,0,0,0,0,0,0,0
22/02/2022,2022,3,2,9,5406.949974,698.5625314,0,26.7,0.765,0,1,0,0,0,0,0,0,0,0,0,0
23/02/2022,2022,3,2,9,700.3564377,700.3564377,4,26.9,0.733,0,1,0,0,0,0,0,0,0,0,0,0
24/02/2022,2022,3,2,9,700.3738938,700.3738938,2,26.6,0.727,0,1,0,0,0,0,0,0,0,0,0,0
25/02/2022,2022,3,2,9,700.3738938,700.3738938,23,26.3,0.737,0,1,0,0,0,0,0,0,0,0,0,0
26/02/2022,2022,3,2,9,700.3738938,700.3738938,17,25.3,0.808,0,1,0,0,0,0,0,0,0,0,0,0
27/02/2022,2022,3,2,9,700.3738938,700.3738938,5,24.7,0.971,0,1,0,0,0,0,0,0,0,0,0,0
28/02/2022,2022,3,2,10,926.9805375,700.3738938,0,24.5,2.379,0,1,0,0,0,0,0,0,0,0,0,0
1/03/2022,2022,3,3,10,700.3738938,700.3738938,0,23.1,2.49,0,0,1,0,0,0,0,0,0,0,0,0
2/03/2022,2022,3,3,10,700.3944779,700.3944779,0,23.4,2.482,0,0,1,0,0,0,0,0,0,0,0,0
3/03/2022,2022,3,3,10,700.4609452,700.4609452,8,24,2.239,0,0,1,0,0,0,0,0,0,0,0,0
4/03/2022,2022,3,3,10,700.4609452,700.4609452,11,24.7,2.311,0,0,1,0,0,0,0,0,0,0,0,0
5/03/2022,2022,3,3,10,700.4609452,700.4609452,0,25,6.211,0,0,1,0,0,0,0,0,0,0,0,0
6/03/2022,2022,3,3,10,700.4609452,700.4609452,0,25.1,4.891,0,0,1,0,0,0,0,0,0,0,0,0
7/03/2022,2022,3,3,11,700.4609452,700.4609452,0,25.2,3.126,0,0,1,0,0,0,0,0,0,0,0,0
8/03/2022,2022,3,3,11,700.4729997,700.4729997,2,24.6,2.673,0,0,1,0,0,0,0,0,0,0,0,0
9/03/2022,2022,3,3,11,700.6759111,700.6759111,0,24.2,2.285,0,0,1,0,0,0,0,0,0,0,0,0
10/03/2022,2022,3,3,11,6048.609886,701.3175126,0,24.6,2.117,0,0,1,0,0,0,0,0,0,0,0,0
11/03/2022,2022,3,3,11,9900.765968,702.184161,0,24.8,2.065,0,0,1,0,0,0,0,0,0,0,0,0
12/03/2022,2022,3,3,11,9340.038795,702.4191667,2,24.7,1.985,0,0,1,0,0,0,0,0,0,0,0,0
13/03/2022,2022,3,3,11,9340.038795,702.4191667,2,24.6,1.84,0,0,1,0,0,0,0,0,0,0,0,0
14/03/2022,2022,3,3,12,10183.43516,702.731186,0,24.4,1.518,0,0,1,0,0,0,0,0,0,0,0,0
15/03/2022,2022,3,3,12,18985.36813,704.0219308,0,24.4,1.346,0,0,1,0,0,0,0,0,0,0,0,0
16/03/2022,2022,3,3,12,21025.75035,705.7289724,0,24.4,1.31,0,0,1,0,0,0,0,0,0,0,0,0
17/03/2022,2022,3,3,12,37553.31405,707.4003661,0,24.5,1.321,0,0,1,0,0,0,0,0,0,0,0,0
18/03/2022,2022,3,3,12,36605.20604,377.3732582,0,24.7,1.237,0,0,1,0,0,0,0,0,0,0,0,0
19/03/2022,2022,3,3,12,44310.34412,482.8040703,0,24.8,1.181,0,0,1,0,0,0,0,0,0,0,0,0
20/03/2022,2022,3,3,12,46818.61427,483.7493099,0,24.6,1.14,0,0,1,0,0,0,0,0,0,0,0,0
21/03/2022,2022,3,3,13,47001.28445,484.5493242,0,24.8,1.084,0,0,1,0,0,0,0,0,0,0,0,0
22/03/2022,2022,3,3,13,47217.04556,487.8568489,0,24.1,1.044,0,0,1,0,0,0,0,0,0,0,0,0
23/03/2022,2022,3,3,13,47472.95003,489.411856,0,24.5,1.009,0,0,1,0,0,0,0,0,0,0,0,0
24/03/2022,2022,3,3,13,47318.94949,489.8511505,0,24.6,0.967,0,0,1,0,0,0,0,0,0,0,0,0
25/03/2022,2022,3,3,13,47222.32255,489.8511505,10,24.3,0.961,0,0,1,0,0,0,0,0,0,0,0,0
26/03/2022,2022,3,3,13,47515.5616,489.8511505,57,23.5,1.17,0,0,1,0,0,0,0,0,0,0,0,0
27/03/2022,2022,3,3,13,47515.5616,489.8511505,0,23.1,1.92,0,0,1,0,0,0,0,0,0,0,0,0
28/03/2022,2022,3,3,14,47515.5616,489.8511505,5,22.5,2.427,0,0,1,0,0,0,0,0,0,0,0,0
29/03/2022,2022,3,3,14,47515.5616,489.8511505,7,22.8,2.457,0,0,1,0,0,0,0,0,0,0,0,0
30/03/2022,2022,3,3,14,47410.49282,489.8511505,15,23.2,4.723,0,0,1,0,0,0,0,0,0,0,0,0
31/03/2022,2022,3,3,14,47515.5616,489.8511505,1,22.5,6.089,0,0,1,0,0,0,0,0,0,0,0,0
1/04/2022,2022,4,4,14,47318.94949,489.8511505,0,22.7,6.466,0,0,0,1,0,0,0,0,0,0,0,0
2/04/2022,2022,4,4,14,47607.10493,489.8511505,0,22.6,4.15,0,0,0,1,0,0,0,0,0,0,0,0
3/04/2022,2022,4,4,14,40386.28121,489.8511505,0,22.2,3.08,0,0,0,1,0,0,0,0,0,0,0,0
4/04/2022,2022,4,4,15,40679.52025,489.8511505,21,21.9,2.666,0,0,0,1,0,0,0,0,0,0,0,0
5/04/2022,2022,4,4,15,47515.5616,489.8511505,1,22.1,2.567,0,0,0,1,0,0,0,0,0,0,0,0
6/04/2022,2022,4,4,15,47515.5616,489.8511505,1,22.7,2.805,0,0,0,1,0,0,0,0,0,0,0,0
7/04/2022,2022,4,4,15,47620.63038,489.8511505,0,23.1,3.346,0,0,0,1,0,0,0,0,0,0,0,0
8/04/2022,2022,4,4,15,47515.5616,489.8511505,0,22.8,3.021,0,0,0,1,0,0,0,0,0,0,0,0
9/04/2022,2022,4,4,15,47515.5616,489.8511505,0,22.5,2.307,0,0,0,1,0,0,0,0,0,0,0,0
10/04/2022,2022,4,4,15,47515.5616,489.8511505,0,22.4,2.139,0,0,0,1,0,0,0,0,0,0,0,0
11/04/2022,2022,4,4,16,47410.7184,489.8534761,0,22.5,2.11,0,0,0,1,0,0,0,0,0,0,0,0
12/04/2022,2022,4,4,16,47504.35893,490.6794048,0,22.5,2.09,0,0,0,1,0,0,0,0,0,0,0,0
13/04/2022,2022,4,4,16,48050.62477,492.3187436,0,22.5,2.04,0,0,0,1,0,0,0,0,0,0,0,0
14/04/2022,2022,4,4,16,47818.69413,492.9762282,0,22.4,1.715,0,0,0,1,0,0,0,0,0,0,0,0
15/04/2022,2022,4,4,16,47853.3987,494.4171905,0,22.2,1.605,0,0,0,1,0,0,0,0,0,0,0,0
16/04/2022,2022,4,4,16,47660.6624,494.4171905,0,21.9,1.605,0,0,0,1,0,0,0,0,0,0,0,0
17/04/2022,2022,4,4,16,47660.6624,494.4171905,0,21.6,1.511,0,0,0,1,0,0,0,0,0,0,0,0
18/04/2022,2022,4,4,17,47958.46748,494.4171905,0,21.4,1.49,0,0,0,1,0,0,0,0,0,0,0,0
19/04/2022,2022,4,4,17,47853.3987,494.4171905,0,21.3,1.467,0,0,0,1,0,0,0,0,0,0,0,0
20/04/2022,2022,4,4,17,48032.32026,495.1785594,0,21.3,1.463,0,0,0,1,0,0,0,0,0,0,0,0
21/04/2022,2022,4,4,17,48211.15669,497.0222339,0,21.2,1.444,0,0,0,1,0,0,0,0,0,0,0,0
22/04/2022,2022,4,4,17,48322.44133,499.2526816,0,20.7,1.383,0,0,0,1,0,0,0,0,0,0,0,0
23/04/2022,2022,4,4,17,48506.85521,501.014418,0,20.9,1.19,0,0,0,1,0,0,0,0,0,0,0,0
24/04/2022,2022,4,4,17,47793.45668,503.1400393,0,20.9,1.111,0,0,0,1,0,0,0,0,0,0,0,0
25/04/2022,2022,4,4,18,49047.39207,505.6432172,0,20.3,1.074,0,0,0,1,0,0,0,0,0,0,0,0
26/04/2022,2022,4,4,18,48995.3274,732.5732269,0,20,1.055,0,0,0,1,0,0,0,0,0,0,0,0
27/04/2022,2022,4,4,18,41626.98742,732.5732269,0,19.8,1.032,0,0,0,1,0,0,0,0,0,0,0,0
28/04/2022,2022,4,4,18,12345.19656,732.9288502,0,19.7,1.022,0,0,0,1,0,0,0,0,0,0,0,0
29/04/2022,2022,4,4,18,4803.721695,736.1926509,0,20.1,0.997,0,0,0,1,0,0,0,0,0,0,0,0
30/04/2022,2022,4,4,18,2311.534256,738.0105438,0,20.5,0.952,0,0,0,1,0,0,0,0,0,0,0,0
1/05/2022,2022,4,5,18,738.4188385,738.4188385,0,20.7,0.912,0,0,0,0,1,0,0,0,0,0,0,0
2/05/2022,2022,4,5,19,738.4188385,738.4188385,0,20.5,0.902,0,0,0,0,1,0,0,0,0,0,0,0
3/05/2022,2022,4,5,19,3583.907699,739.3659912,0,20.1,0.947,0,0,0,0,1,0,0,0,0,0,0,0
4/05/2022,2022,4,5,19,2242.073242,726.4337082,0,19.8,1.031,0,0,0,0,1,0,0,0,0,0,0,0
5/05/2022,2022,4,5,19,2015.751541,741.7949493,0,19.7,1.053,0,0,0,0,1,0,0,0,0,0,0,0
6/05/2022,2022,4,5,19,742.3011932,742.3011932,19,19.9,0.981,0,0,0,0,1,0,0,0,0,0,0,0
7/05/2022,2022,4,5,19,742.3011932,742.3011932,1,19.5,0.805,0,0,0,0,1,0,0,0,0,0,0,0
8/05/2022,2022,4,5,19,742.3011932,742.3011932,0,18.5,0.823,0,0,0,0,1,0,0,0,0,0,0,0
9/05/2022,2022,4,5,20,1221.794281,689.4686279,0,17.8,1.062,0,0,0,0,1,0,0,0,0,0,0,0
10/05/2022,2022,4,5,20,742.3011932,742.3011932,0,17.9,1.091,0,0,0,0,1,0,0,0,0,0,0,0
11/05/2022,2022,4,5,20,742.3011932,742.3011932,0,18,0.993,0,0,0,0,1,0,0,0,0,0,0,0
12/05/2022,2022,4,5,20,742.3011932,742.3011932,4,17.9,0.929,0,0,0,0,1,0,0,0,0,0,0,0
13/05/2022,2022,4,5,20,742.3011932,742.3011932,7,18,0.913,0,0,0,0,1,0,0,0,0,0,0,0
14/05/2022,2022,4,5,20,742.3011932,742.3011932,12,18.4,1.091,0,0,0,0,1,0,0,0,0,0,0,0
15/05/2022,2022,4,5,20,742.3011932,742.3011932,0,19.1,1.159,0,0,0,0,1,0,0,0,0,0,0,0
16/05/2022,2022,4,5,21,1060.304398,741.8050995,0,19.7,1.153,0,0,0,0,1,0,0,0,0,0,0,0
17/05/2022,2022,4,5,21,742.3011932,742.3011932,0,20,1.145,0,0,0,0,1,0,0,0,0,0,0,0
18/05/2022,2022,4,5,21,742.3048859,742.3048859,0,19.5,1.143,0,0,0,0,1,0,0,0,0,0,0,0
19/05/2022,2022,4,5,21,742.3048859,742.3048859,0,18.6,1.365,0,0,0,0,1,0,0,0,0,0,0,0
20/05/2022,2022,4,5,21,2020.371048,742.7188507,0,18.3,1.609,0,0,0,0,1,0,0,0,0,0,0,0
21/05/2022,2022,4,5,21,848.3845902,743.3158112,0,18.2,1.302,0,0,0,0,1,0,0,0,0,0,0,0
22/05/2022,2022,4,5,21,743.3158112,743.3158112,0,17.8,1.157,0,0,0,0,1,0,0,0,0,0,0,0
23/05/2022,2022,4,5,22,41670.45429,744.1152551,3,17.6,1.071,0,0,0,0,1,0,0,0,0,0,0,0
24/05/2022,2022,4,5,22,72447.58998,746.8823709,0,17.4,1.023,0,0,0,0,1,0,0,0,0,0,0,0
25/05/2022,2022,4,5,22,72394.57664,749.700738,1,17.7,0.976,0,0,0,0,1,0,0,0,0,0,0,0
26/05/2022,2022,4,5,22,48806.39748,749.8590546,0,17.7,0.946,0,0,0,0,1,0,0,0,0,0,0,0
27/05/2022,2022,4,5,22,64843.42827,752.2025032,0,17.6,0.937,0,0,0,0,1,0,0,0,0,0,0,0
28/05/2022,2022,4,5,22,73137.60978,753.9959772,0,17.4,1.014,0,0,0,0,1,0,0,0,0,0,0,0
29/05/2022,2022,4,5,22,73048.57442,754.1612702,0,17.1,0.975,0,0,0,0,1,0,0,0,0,0,0,0
30/05/2022,2022,4,5,23,22000.18632,754.7610906,0,16.6,0.917,0,0,0,0,1,0,0,0,0,0,0,0
31/05/2022,2022,4,5,23,1760.763809,757.6703034,3,15.8,0.894,0,0,0,0,1,0,0,0,0,0,0,0
1/06/2022,2022,4,6,23,758.0232086,758.0232086,0,15.4,0.893,0,0,0,0,0,1,0,0,0,0,0,0
2/06/2022,2022,4,6,23,758.0232086,758.0232086,0,15,0.874,0,0,0,0,0,1,0,0,0,0,0,0
3/06/2022,2022,4,6,23,758.0232086,758.0232086,0,14.2,0.852,0,0,0,0,0,1,0,0,0,0,0,0
4/06/2022,2022,4,6,23,758.0232086,758.0232086,26,13.9,0.866,0,0,0,0,0,1,0,0,0,0,0,0
5/06/2022,2022,4,6,23,1092.740616,758.0232086,7,14.3,0.94,0,0,0,0,0,1,0,0,0,0,0,0
6/06/2022,2022,4,6,24,758.0232086,758.0232086,0,14.3,0.913,0,0,0,0,0,1,0,0,0,0,0,0
7/06/2022,2022,4,6,24,758.0232086,758.0232086,0,14.2,1.395,0,0,0,0,0,1,0,0,0,0,0,0
8/06/2022,2022,4,6,24,758.0232086,758.0232086,0,13.3,2.117,0,0,0,0,0,1,0,0,0,0,0,0
9/06/2022,2022,4,6,24,758.0232086,758.0232086,0,12.8,2.086,0,0,0,0,0,1,0,0,0,0,0,0
10/06/2022,2022,4,6,24,758.0232086,758.0232086,0,12.1,2.051,0,0,0,0,0,1,0,0,0,0,0,0
11/06/2022,2022,4,6,24,758.0232086,758.0232086,0,11.4,1.979,0,0,0,0,0,1,0,0,0,0,0,0
12/06/2022,2022,4,6,24,758.0232086,758.0232086,0,11.2,1.874,0,0,0,0,0,1,0,0,0,0,0,0
13/06/2022,2022,4,6,25,758.0232086,758.0232086,0,11,1.49,0,0,0,0,0,1,0,0,0,0,0,0
14/06/2022,2022,4,6,25,3781.503036,759.1255249,0,10.8,1.325,0,0,0,0,0,1,0,0,0,0,0,0
15/06/2022,2022,4,6,25,3804.381729,761.4133942,0,10.8,1.278,0,0,0,0,0,1,0,0,0,0,0,0
16/06/2022,2022,4,6,25,3824.912185,763.4664398,0,10.9,1.248,0,0,0,0,0,1,0,0,0,0,0,0
17/06/2022,2022,4,6,25,764.5418854,764.5418854,0,10.9,1.22,0,0,0,0,0,1,0,0,0,0,0,0
18/06/2022,2022,4,6,25,764.5418854,764.5418854,0,10.5,1.201,0,0,0,0,0,1,0,0,0,0,0,0
19/06/2022,2022,4,6,25,764.5418854,764.5418854,0,10.5,1.197,0,0,0,0,0,1,0,0,0,0,0,0
20/06/2022,2022,4,6,26,764.5418854,764.5418854,0,10.9,1.195,0,0,0,0,0,1,0,0,0,0,0,0
21/06/2022,2022,4,6,26,771.3061443,771.3061443,0,11.4,1.189,0,0,0,0,0,1,0,0,0,0,0,0
22/06/2022,2022,4,6,26,771.3061443,771.3061443,0,11.2,1.183,0,0,0,0,0,1,0,0,0,0,0,0
23/06/2022,2022,4,6,26,771.3061443,771.3061443,0,11.2,1.136,0,0,0,0,0,1,0,0,0,0,0,0
24/06/2022,2022,4,6,26,2575.071964,773.5822675,0,10.8,1.027,0,0,0,0,0,1,0,0,0,0,0,0
25/06/2022,2022,4,6,26,3740.058241,778.3457812,0,10.5,0.979,0,0,0,0,0,1,0,0,0,0,0,0
26/06/2022,2022,4,6,26,1815.525758,781.0264607,0,10.4,0.945,0,0,0,0,0,1,0,0,0,0,0,0
27/06/2022,2022,4,6,27,4557.776642,782.7474141,0,10.3,0.934,0,0,0,0,0,1,0,0,0,0,0,0
28/06/2022,2022,4,6,27,3139.098172,795.650015,0,10.2,0.916,0,0,0,0,0,1,0,0,0,0,0,0
29/06/2022,2022,4,6,27,3156.537628,796.8352834,0,10,0.91,0,0,0,0,0,1,0,0,0,0,0,0
30/06/2022,2022,4,6,27,3221.512026,797.5051225,0,10.3,0.903,0,0,0,0,0,1,0,0,0,0,0,0
1/07/2022,2022,1,7,27,3232.995595,797.6235099,0,10.9,0.87,0,0,0,0,0,0,1,0,0,0,0,0
2/07/2022,2022,1,7,27,3232.995595,797.6235099,6,11.4,0.848,0,0,0,0,0,0,1,0,0,0,0,0
3/07/2022,2022,1,7,27,3232.995595,797.6235099,6,11.6,0.878,0,0,0,0,0,0,1,0,0,0,0,0
4/07/2022,2022,1,7,28,1572.335252,797.9110059,0,11.4,0.882,0,0,0,0,0,0,1,0,0,0,0,0
5/07/2022,2022,1,7,28,798.8772926,798.8772926,0,10.5,0.904,0,0,0,0,0,0,1,0,0,0,0,0
6/07/2022,2022,1,7,28,798.8772926,798.8772926,0,10.6,1.085,0,0,0,0,0,0,1,0,0,0,0,0
7/07/2022,2022,1,7,28,798.8772926,798.8772926,3,11,1.018,0,0,0,0,0,0,1,0,0,0,0,0
8/07/2022,2022,1,7,28,798.8772926,798.8772926,1,11.4,0.966,0,0,0,0,0,0,1,0,0,0,0,0
9/07/2022,2022,1,7,28,798.8772926,798.8772926,0,11.1,0.932,0,0,0,0,0,0,1,0,0,0,0,0
10/07/2022,2022,1,7,28,798.8772926,798.8772926,0,10.3,0.898,0,0,0,0,0,0,1,0,0,0,0,0
11/07/2022,2022,1,7,29,798.8772926,798.8772926,0,10.1,0.88,0,0,0,0,0,0,1,0,0,0,0,0
12/07/2022,2022,1,7,29,798.8772926,798.8772926,0,9.8,0.87,0,0,0,0,0,0,1,0,0,0,0,0
13/07/2022,2022,1,7,29,1372.241734,798.8772926,0,10,0.866,0,0,0,0,0,0,1,0,0,0,0,0
14/07/2022,2022,1,7,29,798.8772926,798.8772926,0,9.9,0.935,0,0,0,0,0,0,1,0,0,0,0,0
15/07/2022,2022,1,7,29,809.1137957,799.322358,0,10,0.961,0,0,0,0,0,0,1,0,0,0,0,0
16/07/2022,2022,1,7,29,808.2498955,799.9186929,0,9.8,0.946,0,0,0,0,0,0,1,0,0,0,0,0
17/07/2022,2022,1,7,29,800.075878,800.075878,0,9.7,0.944,0,0,0,0,0,0,1,0,0,0,0,0
18/07/2022,2022,1,7,30,1042.109012,801.4607086,0,10,0.943,0,0,0,0,0,0,1,0,0,0,0,0
19/07/2022,2022,1,7,30,932.6370863,803.2374743,0,10.6,0.841,0,0,0,0,0,0,1,0,0,0,0,0
20/07/2022,2022,1,7,30,803.6224454,803.6224454,0,10,0.573,0,0,0,0,0,0,1,0,0,0,0,0
21/07/2022,2022,1,7,30,4248.381049,805.358389,0,10.6,0.596,0,0,0,0,0,0,1,0,0,0,0,0
22/07/2022,2022,1,7,30,3949.334203,808.7682789,0,11.4,0.668,0,0,0,0,0,0,1,0,0,0,0,0
23/07/2022,2022,1,7,30,2044.383913,812.1657231,0,11.9,0.726,0,0,0,0,0,0,1,0,0,0,0,0
24/07/2022,2022,1,7,30,986.875954,814.1442868,0,11.7,0.796,0,0,0,0,0,0,1,0,0,0,0,0
25/07/2022,2022,1,7,31,2162.644371,818.102591,0,11.4,0.819,0,0,0,0,0,0,1,0,0,0,0,0
26/07/2022,2022,1,7,31,4574.81241,734.708605,0,11.6,0.823,0,0,0,0,0,0,1,0,0,0,0,0
27/07/2022,2022,1,7,31,1402.258366,740.515849,0,11.7,0.821,0,0,0,0,0,0,1,0,0,0,0,0
28/07/2022,2022,1,7,31,1784.403235,743.5592557,0,11.6,0.804,0,0,0,0,0,0,1,0,0,0,0,0
29/07/2022,2022,1,7,31,1426.855311,745.6525676,0,10.8,0.803,0,0,0,0,0,0,1,0,0,0,0,0
30/07/2022,2022,1,7,31,1521.908816,748.4400585,0,10.3,0.808,0,0,0,0,0,0,1,0,0,0,0,0
31/07/2022,2022,1,7,31,872.4004225,752.2984752,0,10.6,0.789,0,0,0,0,0,0,1,0,0,0,0,0
1/08/2022,2022,1,8,32,1186.659333,755.9852272,0,10.8,0.771,0,0,0,0,0,0,0,1,0,0,0,0
2/08/2022,2022,1,8,32,757.3813043,757.3813043,2,11.5,0.769,0,0,0,0,0,0,0,1,0,0,0,0
3/08/2022,2022,1,8,32,1108.315495,759.106379,0,12.2,0.769,0,0,0,0,0,0,0,1,0,0,0,0
4/08/2022,2022,1,8,32,1675.169299,763.4127689,0,12.5,0.76,0,0,0,0,0,0,0,1,0,0,0,0
5/08/2022,2022,1,8,32,1340.573551,767.1507458,0,13.6,0.764,0,0,0,0,0,0,0,1,0,0,0,0
6/08/2022,2022,1,8,32,768.3140996,768.3140996,14,14.2,0.778,0,0,0,0,0,0,0,1,0,0,0,0
7/08/2022,2022,1,8,32,768.3150984,768.3140996,0,14.3,0.804,0,0,0,0,0,0,0,1,0,0,0,0
8/08/2022,2022,1,8,33,768.3140996,768.3140996,0,13.1,0.807,0,0,0,0,0,0,0,1,0,0,0,0
9/08/2022,2022,1,8,33,768.3140996,768.3140996,0,12.2,0.804,0,0,0,0,0,0,0,1,0,0,0,0
10/08/2022,2022,1,8,33,772.7510384,768.3371313,0,11.7,0.799,0,0,0,0,0,0,0,1,0,0,0,0
11/08/2022,2022,1,8,33,958.1737779,769.6364758,0,11.7,0.802,0,0,0,0,0,0,0,1,0,0,0,0
12/08/2022,2022,1,8,33,869.5796464,771.4701116,0,11.8,0.891,0,0,0,0,0,0,0,1,0,0,0,0
13/08/2022,2022,1,8,33,771.9443275,771.9433287,5,13,0.912,0,0,0,0,0,0,0,1,0,0,0,0
14/08/2022,2022,1,8,33,771.9433287,771.9433287,13,13.6,0.95,0,0,0,0,0,0,0,1,0,0,0,0
15/08/2022,2022,1,8,34,1572.489293,773.6323651,0,12.8,0.99,0,0,0,0,0,0,0,1,0,0,0,0
16/08/2022,2022,1,8,34,1876.466032,777.4427745,0,12.5,2.379,0,0,0,0,0,0,0,1,0,0,0,0
17/08/2022,2022,1,8,34,891.9937912,779.9401153,0,13,2.386,0,0,0,0,0,0,0,1,0,0,0,0
18/08/2022,2022,1,8,34,1212.505724,780.7060356,0,12.6,1.94,0,0,0,0,0,0,0,1,0,0,0,0
19/08/2022,2022,1,8,34,781.1603466,781.1603466,0,12.6,1.551,0,0,0,0,0,0,0,1,0,0,0,0
20/08/2022,2022,1,8,34,781.1321361,781.1603466,0,12.8,1.475,0,0,0,0,0,0,0,1,0,0,0,0
21/08/2022,2022,1,8,34,1261.410666,783.0361795,0,12.9,1.422,0,0,0,0,0,0,0,1,0,0,0,0
22/08/2022,2022,1,8,35,2822.176225,786.190773,0,13,1.389,0,0,0,0,0,0,0,1,0,0,0,0
23/08/2022,2022,1,8,35,4057.186612,789.6930369,0,13.1,1.38,0,0,0,0,0,0,0,1,0,0,0,0
24/08/2022,2022,1,8,35,3474.294898,795.9873031,0,13.2,1.353,0,0,0,0,0,0,0,1,0,0,0,0
25/08/2022,2022,1,8,35,3100.583111,803.4692149,0,12.7,1.22,0,0,0,0,0,0,0,1,0,0,0,0
26/08/2022,2022,1,8,35,3507.264663,809.6023122,0,12.1,1.052,0,0,0,0,0,0,0,1,0,0,0,0
27/08/2022,2022,1,8,35,1381.169935,814.0279835,0,12.3,1.007,0,0,0,0,0,0,0,1,0,0,0,0
28/08/2022,2022,1,8,35,2269.029478,819.6351225,0,13.3,1.007,0,0,0,0,0,0,0,1,0,0,0,0
29/08/2022,2022,1,8,36,3407.879504,825.7199408,0,13.9,0.989,0,0,0,0,0,0,0,1,0,0,0,0
30/08/2022,2022,1,8,36,2737.375144,921.1832312,0,14.4,0.96,0,0,0,0,0,0,0,1,0,0,0,0
31/08/2022,2022,1,8,36,4262.746125,925.7280569,6,14.6,0.945,0,0,0,0,0,0,0,1,0,0,0,0
1/09/2022,2022,1,9,36,3401.356882,930.4115577,0,14.9,0.945,0,0,0,0,0,0,0,0,1,0,0,0
2/09/2022,2022,1,9,36,932.2683104,932.2695202,0,15.1,0.948,0,0,0,0,0,0,0,0,1,0,0,0
3/09/2022,2022,1,9,36,932.2695202,932.2695202,13,15.3,0.969,0,0,0,0,0,0,0,0,1,0,0,0
4/09/2022,2022,1,9,36,1115.969723,932.4740363,17,15,1.028,0,0,0,0,0,0,0,0,1,0,0,0
5/09/2022,2022,1,9,37,1382.519055,932.9917187,0,14.8,1.016,0,0,0,0,0,0,0,0,1,0,0,0
6/09/2022,2022,1,9,37,1025.919972,933.3230823,0,14.8,1.111,0,0,0,0,0,0,0,0,1,0,0,0
7/09/2022,2022,1,9,37,1026.760037,933.7431148,0,15.1,1.845,0,0,0,0,0,0,0,0,1,0,0,0
8/09/2022,2022,1,9,37,933.9238628,933.9238628,0,15.2,2.071,0,0,0,0,0,0,0,0,1,0,0,0
9/09/2022,2022,1,9,37,933.9238628,933.9238628,8,15.3,1.963,0,0,0,0,0,0,0,0,1,0,0,0
10/09/2022,2022,1,9,37,933.925753,933.925753,20,15.7,2.054,0,0,0,0,0,0,0,0,1,0,0,0
11/09/2022,2022,1,9,37,933.925753,933.925753,0,15.9,3.697,0,0,0,0,0,0,0,0,1,0,0,0
12/09/2022,2022,1,9,38,933.925753,933.925753,0,16.1,4.088,0,0,0,0,0,0,0,0,1,0,0,0
13/09/2022,2022,1,9,38,949.6339815,933.9430703,0,16,2.672,0,0,0,0,0,0,0,0,1,0,0,0
14/09/2022,2022,1,9,38,1516.999662,934.4315078,0,16,2.403,0,0,0,0,0,0,0,0,1,0,0,0
15/09/2022,2022,1,9,38,1052.960548,935.0879952,0,16,2.13,0,0,0,0,0,0,0,0,1,0,0,0
16/09/2022,2022,1,9,38,1292.439105,935.1772951,0,16,2.086,0,0,0,0,0,0,0,0,1,0,0,0
17/09/2022,2022,1,9,38,1292.439105,935.1772951,16,16.1,2.074,0,0,0,0,0,0,0,0,1,0,0,0
18/09/2022,2022,1,9,38,935.1772951,935.1772951,0,16.6,2.345,0,0,0,0,0,0,0,0,1,0,0,0
19/09/2022,2022,1,9,39,952.1055311,935.1772951,0,16.9,2.431,0,0,0,0,0,0,0,0,1,0,0,0
20/09/2022,2022,1,9,39,935.1772951,935.1772951,0,17,2.167,0,0,0,0,0,0,0,0,1,0,0,0
21/09/2022,2022,1,9,39,935.1772951,935.1772951,0,17.1,2.109,0,0,0,0,0,0,0,0,1,0,0,0
22/09/2022,2022,1,9,39,935.1772951,935.1772951,24,17,2.08,0,0,0,0,0,0,0,0,1,0,0,0
23/09/2022,2022,1,9,39,947.4664778,935.1772951,12,17.1,2.157,0,0,0,0,0,0,0,0,1,0,0,0
24/09/2022,2022,1,9,39,935.1772951,935.1772951,0,17.6,2.311,0,0,0,0,0,0,0,0,1,0,0,0
25/09/2022,2022,1,9,39,935.1772951,935.1772951,0,18,2.281,0,0,0,0,0,0,0,0,1,0,0,0
26/09/2022,2022,1,9,40,947.6372293,935.1772951,0,18.1,2.107,0,0,0,0,0,0,0,0,1,0,0,0
27/09/2022,2022,1,9,40,935.1741951,935.1772951,0,18.1,2.062,0,0,0,0,0,0,0,0,1,0,0,0
28/09/2022,2022,1,9,40,42796.27402,935.1772951,0,18.3,2.037,0,0,0,0,0,0,0,0,1,0,0,0
29/09/2022,2022,1,9,40,43116.58647,935.1772951,0,18.4,2.061,0,0,0,0,0,0,0,0,1,0,0,0
30/09/2022,2022,1,9,40,43473.84828,816.090025,0,18.4,2.232,0,0,0,0,0,0,0,0,1,0,0,0
1/10/2022,2022,2,10,40,43816.07924,935.7227421,0,18.4,2.095,0,0,0,0,0,0,0,0,0,1,0,0
2/10/2022,2022,2,10,40,42998.55763,936.2287782,13,18.7,2.06,0,0,0,0,0,0,0,0,0,1,0,0
3/10/2022,2022,2,10,41,43117.63796,936.2287782,11,18.6,2.078,0,0,0,0,0,0,0,0,0,1,0,0
4/10/2022,2022,2,10,41,43473.65758,935.6076845,0,18.5,2.183,0,0,0,0,0,0,0,0,0,1,0,0
5/10/2022,2022,2,10,41,42998.56073,936.2287782,0,18.5,2.642,0,0,0,0,0,0,0,0,0,1,0,0
6/10/2022,2022,2,10,41,43117.63796,936.2287782,1,18.6,2.377,0,0,0,0,0,0,0,0,0,1,0,0
7/10/2022,2022,2,10,41,43117.63796,936.2287782,0,18.3,2.136,0,0,0,0,0,0,0,0,0,1,0,0
8/10/2022,2022,2,10,41,43117.63796,936.2287782,8,18.6,2.091,0,0,0,0,0,0,0,0,0,1,0,0
9/10/2022,2022,2,10,41,43117.63796,936.2287782,11,18.9,2.059,0,0,0,0,0,0,0,0,0,1,0,0
10/10/2022,2022,2,10,42,43117.63813,936.2289489,1,18.9,1.859,0,0,0,0,0,0,0,0,0,1,0,0
11/10/2022,2022,2,10,42,43117.63813,936.2289489,0,18.9,2.437,0,0,0,0,0,0,0,0,0,1,0,0
12/10/2022,2022,2,10,42,43117.63813,936.2289489,0,19.1,3.314,0,0,0,0,0,0,0,0,0,1,0,0
13/10/2022,2022,2,10,42,43117.63813,936.2289489,0,19.2,2.699,0,0,0,0,0,0,0,0,0,1,0,0
14/10/2022,2022,2,10,42,43117.63813,936.2289489,0,19.5,2.236,0,0,0,0,0,0,0,0,0,1,0,0
15/10/2022,2022,2,10,42,43751.36406,936.8693911,0,19.4,2.108,0,0,0,0,0,0,0,0,0,1,0,0
16/10/2022,2022,2,10,42,44322.20453,938.6249985,0,18.9,2.045,0,0,0,0,0,0,0,0,0,1,0,0
17/10/2022,2022,2,10,43,62555.13198,941.3777094,0,19.2,1.772,0,0,0,0,0,0,0,0,0,1,0,0
18/10/2022,2022,2,10,43,24010.93054,945.2786062,0,19.4,1.627,0,0,0,0,0,0,0,0,0,1,0,0
19/10/2022,2022,2,10,43,946.816336,946.816336,0,20,1.559,0,0,0,0,0,0,0,0,0,1,0,0
20/10/2022,2022,2,10,43,946.816336,946.816336,32,19.7,1.557,0,0,0,0,0,0,0,0,0,1,0,0
21/10/2022,2022,2,10,43,946.816336,946.816336,0,19.6,1.624,0,0,0,0,0,0,0,0,0,1,0,0
22/10/2022,2022,2,10,43,946.816336,946.816336,35,20.1,1.936,0,0,0,0,0,0,0,0,0,1,0,0
23/10/2022,2022,2,10,43,1064.664663,946.8404898,8,20,2.24,0,0,0,0,0,0,0,0,0,1,0,0
24/10/2022,2022,2,10,44,971.8523494,946.9689418,2,19.6,5.899,0,0,0,0,0,0,0,0,0,1,0,0
25/10/2022,2022,2,10,44,93573.3852,47066.84056,3,20.2,5.863,0,0,0,0,0,0,0,0,0,1,0,0
26/10/2022,2022,2,10,44,1021.907453,947.0105688,8,21.2,3.104,0,0,0,0,0,0,0,0,0,1,0,0
27/10/2022,2022,2,10,44,1308.734537,947.0105688,0,21.8,3.551,0,0,0,0,0,0,0,0,0,1,0,0
28/10/2022,2022,2,10,44,984.4605609,947.0105688,0,21.9,4.72,0,0,0,0,0,0,0,0,0,1,0,0
29/10/2022,2022,2,10,44,947.0105688,947.0105688,0,22.1,2.826,0,0,0,0,0,0,0,0,0,1,0,0
30/10/2022,2022,2,10,44,947.0074688,947.0105688,0,22.1,2.218,0,0,0,0,0,0,0,0,0,1,0,0
31/10/2022,2022,2,10,45,947.0105688,947.0105688,0,22.1,2.152,0,0,0,0,0,0,0,0,0,1,0,0
1/11/2022,2022,2,11,45,1437.596522,869.3899074,5,22,2.119,0,0,0,0,0,0,0,0,0,0,1,0
2/11/2022,2022,2,11,45,947.0105688,947.0105688,23,21.5,2.137,0,0,0,0,0,0,0,0,0,0,1,0
3/11/2022,2022,2,11,45,947.0105688,947.0105688,0,20.4,2.996,0,0,0,0,0,0,0,0,0,0,1,0
4/11/2022,2022,2,11,45,1181.484148,872.5795767,0,20.2,3.595,0,0,0,0,0,0,0,0,0,0,1,0
5/11/2022,2022,2,11,45,947.0074688,947.0105688,0,20,2.854,0,0,0,0,0,0,0,0,0,0,1,0
6/11/2022,2022,2,11,45,947.0105688,947.0105688,0,20.3,2.192,0,0,0,0,0,0,0,0,0,0,1,0
7/11/2022,2022,2,11,46,19630.55109,943.2354916,0,20.5,2.12,0,0,0,0,0,0,0,0,0,0,1,0
8/11/2022,2022,2,11,46,9729.557627,952.9641929,0,20.5,2.089,0,0,0,0,0,0,0,0,0,0,1,0
9/11/2022,2022,2,11,46,8929.060394,592.7488673,0,20.4,2.051,0,0,0,0,0,0,0,0,0,0,1,0
10/11/2022,2022,2,11,46,7423.325064,965.0404602,0,20.5,1.851,0,0,0,0,0,0,0,0,0,0,1,0
11/11/2022,2022,2,11,46,22035.20071,971.7589239,0,20.7,1.673,0,0,0,0,0,0,0,0,0,0,1,0
12/11/2022,2022,2,11,46,42970.24499,980.9982804,0,21.3,1.579,0,0,0,0,0,0,0,0,0,0,1,0
13/11/2022,2022,2,11,46,3348.665813,989.4490409,0,21.8,1.478,0,0,0,0,0,0,0,0,0,0,1,0
14/11/2022,2022,2,11,47,24936.43907,997.4143745,0,22.6,1.388,0,0,0,0,0,0,0,0,0,0,1,0
15/11/2022,2022,2,11,47,35025.62335,1003.984129,0,22.9,1.31,0,0,0,0,0,0,0,0,0,0,1,0
16/11/2022,2022,2,11,47,29639.8087,1004.628958,0,22.4,1.216,0,0,0,0,0,0,0,0,0,0,1,0
17/11/2022,2022,2,11,47,17587.29636,1021.210387,0,22.1,1.14,0,0,0,0,0,0,0,0,0,0,1,0
18/11/2022,2022,2,11,47,36117.46918,1030.710894,0,21.5,1.073,0,0,0,0,0,0,0,0,0,0,1,0
19/11/2022,2022,2,11,47,37211.13772,1043.458909,0,21.3,1.037,0,0,0,0,0,0,0,0,0,0,1,0
20/11/2022,2022,2,11,47,12923.21666,1052.959102,0,22,1.011,0,0,0,0,0,0,0,0,0,0,1,0
21/11/2022,2022,2,11,48,39560.85322,1062.061409,0,23.3,0.991,0,0,0,0,0,0,0,0,0,0,1,0
22/11/2022,2022,2,11,48,45534.1439,1078.468874,0,22.1,0.96,0,0,0,0,0,0,0,0,0,0,1,0
23/11/2022,2022,2,11,48,42178.7038,1097.846339,0,21.4,0.933,0,0,0,0,0,0,0,0,0,0,1,0
24/11/2022,2022,2,11,48,16914.92546,1110.469159,0,21.2,0.931,0,0,0,0,0,0,0,0,0,0,1,0
25/11/2022,2022,2,11,48,48594.47705,1121.192634,0,21.4,0.968,0,0,0,0,0,0,0,0,0,0,1,0
26/11/2022,2022,2,11,48,40254.56286,1133.083106,0,22.2,0.922,0,0,0,0,0,0,0,0,0,0,1,0
27/11/2022,2022,2,11,48,46242.08591,13952.66857,0,22.4,0.898,0,0,0,0,0,0,0,0,0,0,1,0
28/11/2022,2022,2,11,49,38556.66872,1153.749456,0,22.2,0.877,0,0,0,0,0,0,0,0,0,0,1,0
29/11/2022,2022,2,11,49,25906.11563,1167.003146,0,23.1,0.868,0,0,0,0,0,0,0,0,0,0,1,0
30/11/2022,2022,2,11,49,22911.64861,1180.917225,0,23.7,0.866,0,0,0,0,0,0,0,0,0,0,1,0
1/12/2022,2022,2,12,49,3781.025381,780.7866091,0,22.7,0.87,0,0,0,0,0,0,0,0,0,0,0,1
2/12/2022,2022,2,12,49,8025.227097,1109.503396,6,21.5,0.867,0,0,0,0,0,0,0,0,0,0,0,1
3/12/2022,2022,2,12,49,17520.21862,1114.659859,0,21.4,1.075,0,0,0,0,0,0,0,0,0,0,0,1
4/12/2022,2022,2,12,49,19348.66764,1123.15563,0,21.8,1.069,0,0,0,0,0,0,0,0,0,0,0,1
5/12/2022,2022,2,12,50,17757.51151,1131.907056,0,22.5,0.956,0,0,0,0,0,0,0,0,0,0,0,1
6/12/2022,2022,2,12,50,23487.50529,708.6104995,0,22.8,1.001,0,0,0,0,0,0,0,0,0,0,0,1
7/12/2022,2022,2,12,50,10991.75269,689.7180566,0,23,0.921,0,0,0,0,0,0,0,0,0,0,0,1
8/12/2022,2022,2,12,50,8223.834393,184.7531947,0,23.6,0.85,0,0,0,0,0,0,0,0,0,0,0,1
9/12/2022,2022,2,12,50,29139.29487,971.4645737,0,24.7,0.826,0,0,0,0,0,0,0,0,0,0,0,1
10/12/2022,2022,2,12,50,63553.16673,1216.330338,0,24.1,0.795,0,0,0,0,0,0,0,0,0,0,0,1
11/12/2022,2022,2,12,50,48219.156,1235.063517,0,24.2,0.755,0,0,0,0,0,0,0,0,0,0,0,1
12/12/2022,2022,2,12,51,28251.99057,1249.24834,0,24.5,0.728,0,0,0,0,0,0,0,0,0,0,0,1
13/12/2022,2022,2,12,51,18873.95877,1258.072429,10,24.6,0.723,0,0,0,0,0,0,0,0,0,0,0,1
14/12/2022,2022,2,12,51,30590.23877,1268.44561,0,24.6,0.752,0,0,0,0,0,0,0,0,0,0,0,1
15/12/2022,2022,2,12,51,23838.36959,1282.024478,0,24,0.76,0,0,0,0,0,0,0,0,0,0,0,1
16/12/2022,2022,2,12,51,26549.77939,1294.919513,0,23.4,0.753,0,0,0,0,0,0,0,0,0,0,0,1
17/12/2022,2022,2,12,51,40340.87433,1309.456793,0,23.2,0.741,0,0,0,0,0,0,0,0,0,0,0,1
18/12/2022,2022,2,12,51,35749.05868,1325.079723,0,23.4,0.846,0,0,0,0,0,0,0,0,0,0,0,1
19/12/2022,2022,2,12,52,45677.68333,1340.793272,0,24,0.815,0,0,0,0,0,0,0,0,0,0,0,1
20/12/2022,2022,2,12,52,33080.90254,1355.874172,0,24,0.776,0,0,0,0,0,0,0,0,0,0,0,1
21/12/2022,2022,2,12,52,36669.80931,1369.118392,0,24,0.754,0,0,0,0,0,0,0,0,0,0,0,1
22/12/2022,2022,2,12,52,38780.60387,1383.162369,0,24.1,0.734,0,0,0,0,0,0,0,0,0,0,0,1
23/12/2022,2022,2,12,52,36731.26381,1857.059918,0,24.6,0.712,0,0,0,0,0,0,0,0,0,0,0,1
24/12/2022,2022,2,12,52,15764.88941,1866.044196,4,24.1,0.706,0,0,0,0,0,0,0,0,0,0,0,1
25/12/2022,2022,2,12,52,23935.20309,1870.351158,13,23,0.73,0,0,0,0,0,0,0,0,0,0,0,1
26/12/2022,2022,2,12,53,30381.27818,1874.772358,0,23.9,0.758,0,0,0,0,0,0,0,0,0,0,0,1
27/12/2022,2022,2,12,53,35391.3543,1882.151235,0,24.9,0.767,0,0,0,0,0,0,0,0,0,0,0,1
28/12/2022,2022,2,12,53,48720.14734,1893.452331,0,24.8,1.204,0,0,0,0,0,0,0,0,0,0,0,1
29/12/2022,2022,2,12,53,72695.09341,1910.897966,0,24.8,1.524,0,0,0,0,0,0,0,0,0,0,0,1
30/12/2022,2022,2,12,53,33524.44179,1928.241216,0,25.2,1.374,0,0,0,0,0,0,0,0,0,0,0,1
31/12/2022,2022,2,12,53,68227.64895,1943.052743,0,25.5,1.342,0,0,0,0,0,0,0,0,0,0,0,1
1/01/2023,2023,3,1,1,37670.59135,1944.008336,0,25.7,1.392,1,0,0,0,0,0,0,0,0,0,0,0
2/01/2023,2023,3,1,2,27748.82948,1952.543902,0,26.2,1.333,1,0,0,0,0,0,0,0,0,0,0,0
3/01/2023,2023,3,1,2,37525.80946,1960.892146,0,26.3,1.28,1,0,0,0,0,0,0,0,0,0,0,0
4/01/2023,2023,3,1,2,43279.56132,1970.693429,0,25.9,1.057,1,0,0,0,0,0,0,0,0,0,0,0
5/01/2023,2023,3,1,2,75490.27154,1984.96566,0,26.4,0.956,1,0,0,0,0,0,0,0,0,0,0,0
6/01/2023,2023,3,1,2,109216.9557,2005.733547,0,25.8,0.949,1,0,0,0,0,0,0,0,0,0,0,0
7/01/2023,2023,3,1,2,84941.64005,2027.375973,0,25.6,0.949,1,0,0,0,0,0,0,0,0,0,0,0
8/01/2023,2023,3,1,2,87657.06086,2046.943484,0,25.9,0.977,1,0,0,0,0,0,0,0,0,0,0,0
9/01/2023,2023,3,1,3,95563.95415,2067.475251,0,25.8,1.522,1,0,0,0,0,0,0,0,0,0,0,0
10/01/2023,2023,3,1,3,73148.54703,2084.206558,0,26.3,1.404,1,0,0,0,0,0,0,0,0,0,0,0
11/01/2023,2023,3,1,3,83895.33474,2100.039757,0,26.3,1.316,1,0,0,0,0,0,0,0,0,0,0,0
12/01/2023,2023,3,1,3,83779.04627,2116.594872,0,26.4,1.315,1,0,0,0,0,0,0,0,0,0,0,0
13/01/2023,2023,3,1,3,93502.76745,2134.277212,0,26.6,1.32,1,0,0,0,0,0,0,0,0,0,0,0
14/01/2023,2023,3,1,3,43699.3115,1947.447193,0,26.6,1.316,1,0,0,0,0,0,0,0,0,0,0,0
15/01/2023,2023,3,1,3,70034.66668,1959.463656,0,26.5,1.339,1,0,0,0,0,0,0,0,0,0,0,0
16/01/2023,2023,3,1,4,84369.27617,1974.206174,0,26.4,1.375,1,0,0,0,0,0,0,0,0,0,0,0
17/01/2023,2023,3,1,4,54481.10193,1990.944642,0,26.6,1.42,1,0,0,0,0,0,0,0,0,0,0,0
18/01/2023,2023,3,1,4,65566.49702,2007.630597,0,26.7,1.343,1,0,0,0,0,0,0,0,0,0,0,0
19/01/2023,2023,3,1,4,61909.68068,2025.112667,0,26.4,1.306,1,0,0,0,0,0,0,0,0,0,0,0
20/01/2023,2023,3,1,4,68094.71118,2041.570709,0,26.5,1.129,1,0,0,0,0,0,0,0,0,0,0,0
21/01/2023,2023,3,1,4,26375.86078,2052.670756,14,26,1.041,1,0,0,0,0,0,0,0,0,0,0,0
22/01/2023,2023,3,1,4,59564.13331,2061.011592,0,26.1,0.989,1,0,0,0,0,0,0,0,0,0,0,0
23/01/2023,2023,3,1,5,58359.3486,2072.498766,0,25.7,0.971,1,0,0,0,0,0,0,0,0,0,0,0
24/01/2023,2023,3,1,5,51157.31686,2085.350144,0,26,0.868,1,0,0,0,0,0,0,0,0,0,0,0
25/01/2023,2023,3,1,5,39652.25635,2095.229486,10,26.3,0.712,1,0,0,0,0,0,0,0,0,0,0,0
26/01/2023,2023,3,1,5,31262.08932,2102.668795,0,26.5,0.66,1,0,0,0,0,0,0,0,0,0,0,0
27/01/2023,2023,3,1,5,42048.80616,2109.81554,0,26.8,0.65,1,0,0,0,0,0,0,0,0,0,0,0
28/01/2023,2023,3,1,5,65721.24717,2119.686578,0,26.2,0.647,1,0,0,0,0,0,0,0,0,0,0,0
29/01/2023,2023,3,1,5,44251.07806,2129.992236,0,26.2,0.649,1,0,0,0,0,0,0,0,0,0,0,0
30/01/2023,2023,3,1,6,85568.10704,2143.589065,0,27.2,0.65,1,0,0,0,0,0,0,0,0,0,0,0
31/01/2023,2023,3,1,6,116349.6878,2165.921805,0,27.4,0.627,1,0,0,0,0,0,0,0,0,0,0,0
1/02/2023,2023,3,2,6,71149.96425,2186.4356,7,26.6,0.643,0,1,0,0,0,0,0,0,0,0,0,0
2/02/2023,2023,3,2,6,73450.08516,2202.444918,0,26.8,0.635,0,1,0,0,0,0,0,0,0,0,0,0
3/02/2023,2023,3,2,6,90993.05274,2217.138266,0,27.2,0.627,0,1,0,0,0,0,0,0,0,0,0,0
4/02/2023,2023,3,2,6,93839.04284,2232.054423,0,27.4,0.626,0,1,0,0,0,0,0,0,0,0,0,0
5/02/2023,2023,3,2,6,120158.5112,2250.504828,0,26.6,0.696,0,1,0,0,0,0,0,0,0,0,0,0
6/02/2023,2023,3,2,7,104166.8801,2272.9478,0,25.9,0.821,0,1,0,0,0,0,0,0,0,0,0,0
7/02/2023,2023,3,2,7,85408.39301,2292.265718,0,26.9,0.818,0,1,0,0,0,0,0,0,0,0,0,0
8/02/2023,2023,3,2,7,80633.49881,2308.335551,0,26.8,0.825,0,1,0,0,0,0,0,0,0,0,0,0
9/02/2023,2023,3,2,7,68471.11414,2321.586571,0,26.6,0.675,0,1,0,0,0,0,0,0,0,0,0,0
10/02/2023,2023,3,2,7,81592.64979,2331.275988,2,25.3,0.677,0,1,0,0,0,0,0,0,0,0,0,0
11/02/2023,2023,3,2,7,69829.02825,2344.677964,0,25.1,0.682,0,1,0,0,0,0,0,0,0,0,0,0
12/02/2023,2023,3,2,7,77617.29952,2357.642888,0,25.8,0.673,0,1,0,0,0,0,0,0,0,0,0,0
13/02/2023,2023,3,2,8,83646.16284,2407.05752,0,26.4,0.67,0,1,0,0,0,0,0,0,0,0,0,0
14/02/2023,2023,3,2,8,96281.93255,2422.382786,0,26.1,0.668,0,1,0,0,0,0,0,0,0,0,0,0
15/02/2023,2023,3,2,8,49535.48538,2434.987337,17,25.9,0.669,0,1,0,0,0,0,0,0,0,0,0,0
16/02/2023,2023,3,2,8,57845.57067,2442.507849,0,25.4,0.691,0,1,0,0,0,0,0,0,0,0,0,0
17/02/2023,2023,3,2,8,69545.42119,2453.149055,0,25.9,1.089,0,1,0,0,0,0,0,0,0,0,0,0
18/02/2023,2023,3,2,8,96600.29618,2469.923592,0,26.2,1.085,0,1,0,0,0,0,0,0,0,0,0,0
19/02/2023,2023,3,2,8,105882.9923,2489.707762,0,26.5,1.074,0,1,0,0,0,0,0,0,0,0,0,0
20/02/2023,2023,3,2,9,66238.16761,2505.724641,0,26.8,1.077,0,1,0,0,0,0,0,0,0,0,0,0
21/02/2023,2023,3,2,9,85274.54129,2520.443029,0,26.7,1.061,0,1,0,0,0,0,0,0,0,0,0,0
22/02/2023,2023,3,2,9,115882.8689,2538.05646,0,26.3,1.055,0,1,0,0,0,0,0,0,0,0,0,0
23/02/2023,2023,3,2,9,92580.49628,2556.580214,0,25.9,1.07,0,1,0,0,0,0,0,0,0,0,0,0
,,,,,,,,,,,,,,,,,,,,,
,,,,,,,,,,,,,,,,,,,,,
,,,,,,,,,,,,,,,,,,,,,
,,,,,,,,,,,,,,,,,,,,,
,,,,,,,,,,,,,,,,,,,,,
,,,,,,,,,,,,,,,,,,,,,
,,,,,,,,,,,,,,,,,,,,,
,,,,,,,,,,,,,,,,,,,,,
,,,,,,,,,,,,,,,,,,,,,
,,,,,,,,,,,,,,,,,,,,,
,,,,,,,,,,,,,,,,,,,,,
,,,,,,,,,,,,,,,,,,,,,
,,,,,,,,,,,,,,,,,,,,,
,,,,,,,,,,,,,,,,,,,,,
,,,,,,,,,,,,,,,,,,,,,
,,,,,,,,,,,,,,,,,,,,,
,,,,,,,,,,,,,,,,,,,,,
,,,,,,,,,,,,,,,,,,,,,
,,,,,,,,,,,,,,,,,,,,,
,,,,,,,,,,,,,,,,,,,,,
,,,,,,,,,,,,,,,,,,,,,
,,,,,,,,,,,,,,,,,,,,,
,,,,,,,,,,,,,,,,,,,,,
,,,,,,,,,,,,,,,,,,,,,
,,,,,,,,,,,,,,,,,,,,,
,,,,,,,,,,,,,,,,,,,,,
,,,,,,,,,,,,,,,,,,,,,
,,,,,,,,,,,,,,,,,,,,,
,,,,,,,,,,,,,,,,,,,,,
,,,,,,,,,,,,,,,,,,,,,
,,,,,,,,,,,,,,,,,,,,,
,,,,,,,,,,,,,,,,,,,,,
,,,,,,,,,,,,,,,,,,,,,
,,,,,,,,,,,,,,,,,,,,,
,,,,,,,,,,,,,,,,,,,,,
,,,,,,,,,,,,,,,,,,,,,
,,,,,,,,,,,,,,,,,,,,,
,,,,,,,,,,,,,,,,,,,,,
,,,,,,,,,,,,,,,,,,,,,
,,,,,,,,,,,,,,,,,,,,,
,,,,,,,,,,,,,,,,,,,,,
,,,,,,,,,,,,,,,,,,,,,
,,,,,,,,,,,,,,,,,,,,,
,,,,,,,,,,,,,,,,,,,,,
,,,,,,,,,,,,,,,,,,,,,
,,,,,,,,,,,,,,,,,,,,,
,,,,,,,,,,,,,,,,,,,,,
,,,,,,,,,,,,,,,,,,,,,
,,,,,,,,,,,,,,,,,,,,,
,,,,,,,,,,,,,,,,,,,,,
,,,,,,,,,,,,,,,,,,,,,
,,,,,,,,,,,,,,,,,,,,,
,,,,,,,,,,,,,,,,,,,,,
,,,,,,,,,,,,,,,,,,,,,
,,,,,,,,,,,,,,,,,,,,,
,,,,,,,,,,,,,,,,,,,,,
,,,,,,,,,,,,,,,,,,,,,
,,,,,,,,,,,,,,,,,,,,,
,,,,,,,,,,,,,,,,,,,,,
,,,,,,,,,,,,,,,,,,,,,
,,,,,,,,,,,,,,,,,,,,,
,,,,,,,,,,,,,,,,,,,,,
,,,,,,,,,,,,,,,,,,,,,
,,,,,,,,,,,,,,,,,,,,,
,,,,,,,,,,,,,,,,,,,,,
,,,,,,,,,,,,,,,,,,,,,
,,,,,,,,,,,,,,,,,,,,,
,,,,,,,,,,,,,,,,,,,,,
,,,,,,,,,,,,,,,,,,,,,
,,,,,,,,,,,,,,,,,,,,,
,,,,,,,,,,,,,,,,,,,,,
,,,,,,,,,,,,,,,,,,,,,
,,,,,,,,,,,,,,,,,,,,,
,,,,,,,,,,,,,,,,,,,,,
,,,,,,,,,,,,,,,,,,,,,
,,,,,,,,,,,,,,,,,,,,,
,,,,,,,,,,,,,,,,,,,,,
,,,,,,,,,,,,,,,,,,,,,
,,,,,,,,,,,,,,,,,,,,,
,,,,,,,,,,,,,,,,,,,,,
,,,,,,,,,,,,,,,,,,,,,
,,,,,,,,,,,,,,,,,,,,,
,,,,,,,,,,,,,,,,,,,,,
,,,,,,,,,,,,,,,,,,,,,
,,,,,,,,,,,,,,,,,,,,,
,,,,,,,,,,,,,,,,,,,,,
,,,,,,,,,,,,,,,,,,,,,
,,,,,,,,,,,,,,,,,,,,,
,,,,,,,,,,,,,,,,,,,,,
,,,,,,,,,,,,,,,,,,,,,
,,,,,,,,,,,,,,,,,,,,,
