wk_strt_dt,yr_nbr,qtr_nbr,prd,wk_in_yr_nbr,delivery,mtrf_mintemp,mtrf_maxtemp,mtrf_rain,mtrf_temp9am,mtrf_humi9am,mtrf_wind9am,mtrf_pres9am,mtrf_temp3pm,mtrf_humi3pm,mtrf_wind3pm,mtrf_pres3pm,seas_prd_1,seas_prd_2,seas_prd_3,seas_prd_4,seas_prd_5,seas_prd_6,seas_prd_7,seas_prd_8,seas_prd_9,seas_prd_10,seas_prd_11,seas_prd_12
1/09/2022,2022,1,9,36,0.00000001,15,23.4,0,19.2,91,19,1022.4,22.9,63,24,1019.3,0,0,0,0,0,0,0,0,1,0,0,0
2/09/2022,2022,1,9,36,0.00000001,15.6,24.8,0,21.2,76,13,1021,22.7,65,22,1015.6,0,0,0,0,0,0,0,0,1,0,0,0
3/09/2022,2022,1,9,36,0.00000001,18.2,23.8,11.6,20.6,100,13,1011.2,22.2,66,24,1010.1,0,0,0,0,0,0,0,0,1,0,0,0
4/09/2022,2022,1,9,36,0.00000001,12.3,23.7,0,18.5,64,20,1015.5,23.3,45,19,1013.6,0,0,0,0,0,0,0,0,1,0,0,0
5/09/2022,2022,1,9,37,0.00000001,12,22.8,0,18.7,57,20,1020.1,21,49,24,1017.2,0,0,0,0,0,0,0,0,1,0,0,0
6/09/2022,2022,1,9,37,0.00000001,12.7,23,0,19.3,63,20,1021.9,21.5,51,24,1019,0,0,0,0,0,0,0,0,1,0,0,0
7/09/2022,2022,1,9,37,0.00000001,12.5,23.6,0,20.1,65,19,1023,19.3,69,26,1020.2,0,0,0,0,0,0,0,0,1,0,0,0
8/09/2022,2022,1,9,37,0.00000001,12.4,22.6,0,20.2,65,13,1023.2,21.6,53,19,1018.1,0,0,0,0,0,0,0,0,1,0,0,0
9/09/2022,2022,1,9,37,0.00000001,14.7,24.3,0.4,20,87,9,1018.7,22.8,64,26,1014.4,0,0,0,0,0,0,0,0,1,0,0,0
10/09/2022,2022,1,9,37,0.00000001,15.2,27.7,2,20.5,85,7,1016.3,27.2,31,17,1012.1,0,0,0,0,0,0,0,0,1,0,0,0
11/09/2022,2022,1,9,37,0.00000001,14.9,25.3,0.2,19.3,49,13,1018,24.7,30,11,1014,0,0,0,0,0,0,0,0,1,0,0,0
12/09/2022,2022,1,9,38,0.00000001,14.6,23.7,0,19.6,57,11,1019.2,21.4,53,13,1017.1,0,0,0,0,0,0,0,0,1,0,0,0
13/09/2022,2022,1,9,38,0.00000001,12.7,26.3,0,19.8,47,13,1023.1,24.6,35,26,1019.2,0,0,0,0,0,0,0,0,1,0,0,0
14/09/2022,2022,1,9,38,0.00000001,12.7,24.4,0,20.7,66,9,1025.5,23.1,47,17,1021.4,0,0,0,0,0,0,0,0,1,0,0,0
15/09/2022,2022,1,9,38,0.00000001,12.2,24.5,0.2,21.2,56,19,1021.4,22.7,52,22,1016.6,0,0,0,0,0,0,0,0,1,0,0,0
16/09/2022,2022,1,9,38,0.00000001,15.5,25.1,0,22.8,61,37,1014.4,24.1,63,30,1010.5,0,0,0,0,0,0,0,0,1,0,0,0
17/09/2022,2022,1,9,38,0.00000001,20.2,27.2,0.8,23.9,84,22,1013.7,23.9,79,31,1010.9,0,0,0,0,0,0,0,0,1,0,0,0
18/09/2022,2022,1,9,38,0.00000001,12.7,28.6,0.4,22.1,61,9,1017.8,26.7,28,22,1014.2,0,0,0,0,0,0,0,0,1,0,0,0
19/09/2022,2022,1,9,39,0.00000001,14.6,28.3,0,18.9,100,0,1019.2,25.4,71,26,1013.9,0,0,0,0,0,0,0,0,1,0,0,0
20/09/2022,2022,1,9,39,0.00000001,15.9,27.5,11.2,18.4,100,9,1019.6,26.5,29,26,1016.1,0,0,0,0,0,0,0,0,1,0,0,0
21/09/2022,2022,1,9,39,0.00000001,15.1,24.8,0.2,22.8,69,19,1020,23.5,58,13,1017.8,0,0,0,0,0,0,0,0,1,0,0,0
22/09/2022,2022,1,9,39,0.00000001,19.7,23.5,0,22,80,28,1014.4,21.5,100,19,1010.6,0,0,0,0,0,0,0,0,1,0,0,0
23/09/2022,2022,1,9,39,0.00000001,16.3,28.5,18.8,21.3,71,7,1013.1,27.4,37,15,1009,0,0,0,0,0,0,0,0,1,0,0,0
24/09/2022,2022,1,9,39,0.00000001,13.8,28.1,0.2,22.4,56,15,1014.1,27.6,37,15,1009.8,0,0,0,0,0,0,0,0,1,0,0,0
25/09/2022,2022,1,9,39,0.00000001,13.1,28.3,0,23.3,47,13,1016.4,27.9,32,11,1012.7,0,0,0,0,0,0,0,0,1,0,0,0
26/09/2022,2022,1,9,40,0.00000001,13.5,27,0,23.6,63,11,1017.2,24,57,20,1013.4,0,0,0,0,0,0,0,0,1,0,0,0
27/09/2022,2022,1,9,40,0.00000001,15.6,26.6,0,23.7,57,20,1016.4,24.9,52,20,1012.4,0,0,0,0,0,0,0,0,1,0,0,0
28/09/2022,2022,1,9,40,0.00000001,17.8,25.6,0,23.3,73,19,1015.1,22.6,82,20,1012.3,0,0,0,0,0,0,0,0,1,0,0,0
29/09/2022,2022,1,9,40,0.00000001,18.3,22.3,0.2,18.3,58,11,1016.3,21.7,43,17,1014.2,0,0,0,0,0,0,0,0,1,0,0,0
30/09/2022,2022,1,9,40,9197.12,9.9,27,0,21.4,46,11,1017.2,25.9,40,19,1013.9,0,0,0,0,0,0,0,0,1,0,0,0
1/10/2022,2022,2,10,40,0.00000001,13,26.5,0,22,60,19,1017.3,25.1,50,24,1012.6,0,0,0,0,0,0,0,0,0,1,0,0
2/10/2022,2022,2,10,40,0.00000001,16,19.7,1.8,17.2,91,17,1015.7,17.3,94,17,1013.3,0,0,0,0,0,0,0,0,0,1,0,0
3/10/2022,2022,2,10,41,0.00000001,13.7,24.6,4,19.5,70,20,1019.5,22.8,52,31,1016.6,0,0,0,0,0,0,0,0,0,1,0,0
4/10/2022,2022,2,10,41,0.00000001,11.9,24.6,0,21,52,19,1022.4,22.8,40,15,1019.2,0,0,0,0,0,0,0,0,0,1,0,0
5/10/2022,2022,2,10,41,0.00000001,13.8,23.6,1.2,19.7,78,9,1022,23.3,47,20,1019.8,0,0,0,0,0,0,0,0,0,1,0,0
6/10/2022,2022,2,10,41,0.00000001,16,25.7,0,22,66,17,1021.5,24.6,56,22,1017.9,0,0,0,0,0,0,0,0,0,1,0,0
7/10/2022,2022,2,10,41,0.00000001,15.6,25.3,0,22.6,57,22,1020.3,23.8,56,19,1017.1,0,0,0,0,0,0,0,0,0,1,0,0
8/10/2022,2022,2,10,41,0.00000001,15.6,26.5,0,24.7,65,20,1019.4,23.9,72,22,1016.3,0,0,0,0,0,0,0,0,0,1,0,0
9/10/2022,2022,2,10,41,0.00000001,19.3,27.9,0.8,23.2,80,9,1017.6,26.3,58,17,1015,0,0,0,0,0,0,0,0,0,1,0,0
10/10/2022,2022,2,10,42,0.00000001,19.5,24,0,21.2,79,28,1019.3,21.9,67,35,1018,0,0,0,0,0,0,0,0,0,1,0,0
11/10/2022,2022,2,10,42,0.00000001,15.5,25.4,0,21.7,60,31,1020.1,23.9,46,22,1017.2,0,0,0,0,0,0,0,0,0,1,0,0
12/10/2022,2022,2,10,42,0.00000001,14.1,25.8,0,22.4,62,22,1019,24.2,49,26,1016.2,0,0,0,0,0,0,0,0,0,1,0,0
13/10/2022,2022,2,10,42,0.00000001,14.4,26.6,0,22.9,65,19,1018.4,25.3,58,24,1015.6,0,0,0,0,0,0,0,0,0,1,0,0
14/10/2022,2022,2,10,42,0.00000001,16.1,26.4,0,21.2,87,7,1016.9,25.7,60,20,1013.5,0,0,0,0,0,0,0,0,0,1,0,0
15/10/2022,2022,2,10,42,0.00000001,18.6,28.1,0.2,25.1,65,11,1016.4,25.9,62,26,1014.2,0,0,0,0,0,0,0,0,0,1,0,0
16/10/2022,2022,2,10,42,0.00000001,17.9,26.7,1.4,23.7,64,15,1018.4,23.3,51,19,1015.3,0,0,0,0,0,0,0,0,0,1,0,0
17/10/2022,2022,2,10,43,0.00000001,17.3,24.1,4,19.3,93,13,1018.4,20.2,76,19,1016,0,0,0,0,0,0,0,0,0,1,0,0
18/10/2022,2022,2,10,43,0.00000001,17.7,25.7,6,23.7,69,28,1018.9,24.7,61,28,1017,0,0,0,0,0,0,0,0,0,1,0,0
19/10/2022,2022,2,10,43,0.00000001,19,23.5,0,21.9,83,20,1018.7,23.3,79,20,1015.1,0,0,0,0,0,0,0,0,0,1,0,0
20/10/2022,2022,2,10,43,0.00000001,19.4,26.9,29.6,20.6,91,6,1017.8,23.3,79,19,1014.6,0,0,0,0,0,0,0,0,0,1,0,0
21/10/2022,2022,2,10,43,0.00000001,20.1,28.6,0.4,25.7,71,20,1015.3,25.6,71,24,1011.3,0,0,0,0,0,0,0,0,0,1,0,0
22/10/2022,2022,2,10,43,0.00000001,19.6,23.9,158.4,20.6,100,28,1011.4,20,100,19,1008.5,0,0,0,0,0,0,0,0,0,1,0,0
23/10/2022,2022,2,10,43,0.00000001,18,29.7,19.2,23.7,68,17,1007.8,29.2,46,19,1004.3,0,0,0,0,0,0,0,0,0,1,0,0
24/10/2022,2022,2,10,44,0.00000001,18.1,29.4,0,25.4,74,7,1009.6,25.7,81,28,1006,0,0,0,0,0,0,0,0,0,1,0,0
25/10/2022,2022,2,10,44,0.00000001,20,29.2,5.8,25.8,71,13,1010.6,26.4,77,31,1005.4,0,0,0,0,0,0,0,0,0,1,0,0
26/10/2022,2022,2,10,44,0.00000001,22.5,32,0,27.3,68,9,1007.5,30.8,58,19,1003.5,0,0,0,0,0,0,0,0,0,1,0,0
27/10/2022,2022,2,10,44,0.00000001,19.8,33.8,0,29.1,56,7,1006.9,30.5,53,28,1002.8,0,0,0,0,0,0,0,0,0,1,0,0
28/10/2022,2022,2,10,44,0.00000001,19.9,32.7,6,27.2,64,13,1008.1,29.9,57,20,1004.1,0,0,0,0,0,0,0,0,0,1,0,0
29/10/2022,2022,2,10,44,0.00000001,19.2,30.4,0,27.3,37,19,1009.6,29.4,38,22,1006.2,0,0,0,0,0,0,0,0,0,1,0,0
30/10/2022,2022,2,10,44,0.00000001,17,31.2,0,27.7,37,13,1012.2,29.9,30,17,1008.9,0,0,0,0,0,0,0,0,0,1,0,0
31/10/2022,2022,2,10,45,63.6,18.6,29.7,0,26.7,65,24,1011.8,28.5,61,31,1006.3,0,0,0,0,0,0,0,0,0,1,0,0
1/11/2022,2022,2,11,45,0.00000001,24,24.8,1.2,24.3,99,24,1006.3,22.7,98,11,1003,0,0,0,0,0,0,0,0,0,0,1,0
2/11/2022,2022,2,11,45,0.00000001,17.5,25.2,11,21,37,30,1011.1,24.6,26,15,1009,0,0,0,0,0,0,0,0,0,0,1,0
3/11/2022,2022,2,11,45,0.00000001,12,25.3,0,20.7,32,19,1017.8,24.3,29,17,1014.4,0,0,0,0,0,0,0,0,0,0,1,0
4/11/2022,2022,2,11,45,0.00000001,13.1,26.8,0,22.2,53,24,1021.8,25.3,44,28,1019.7,0,0,0,0,0,0,0,0,0,0,1,0
5/11/2022,2022,2,11,45,0.00000001,17.4,26.5,0.2,22.5,62,30,1024.1,24.8,45,31,1020.5,0,0,0,0,0,0,0,0,0,0,1,0
6/11/2022,2022,2,11,45,0.00000001,15.9,27.3,0,23.7,61,28,1022,25.6,45,30,1018.3,0,0,0,0,0,0,0,0,0,0,1,0
7/11/2022,2022,2,11,46,0.00000001,15.4,26.8,0,24,48,26,1019.5,19.3,77,6,1016.8,0,0,0,0,0,0,0,0,0,0,1,0
8/11/2022,2022,2,11,46,0.00000001,14.8,26.9,,24.2,53,24,1016.7,24.2,47,22,1014.6,0,0,0,0,0,0,0,0,0,0,1,0
9/11/2022,2022,2,11,46,0.00000001,15.3,26.7,0,23.4,55,22,1018.2,25,47,33,1015.3,0,0,0,0,0,0,0,0,0,0,1,0
10/11/2022,2022,2,11,46,0.00000001,16.5,26.9,0,23,59,20,1018.7,23.7,49,28,1015.5,0,0,0,0,0,0,0,0,0,0,1,0
11/11/2022,2022,2,11,46,0.00000001,14.7,27,0,23.9,44,20,1016.2,26.2,32,20,1012.5,0,0,0,0,0,0,0,0,0,0,1,0
12/11/2022,2022,2,11,46,0.00000001,14.6,28.6,0,25,55,11,1015.3,27.4,44,20,1012.2,0,0,0,0,0,0,0,0,0,0,1,0
13/11/2022,2022,2,11,46,0.00000001,15.6,29,0,26.2,58,17,1015.5,26.8,53,20,1012,0,0,0,0,0,0,0,0,0,0,1,0
14/11/2022,2022,2,11,47,0.00000001,18.9,28.6,0,26.2,60,24,1012.6,27.5,59,28,1008.4,0,0,0,0,0,0,0,0,0,0,1,0
15/11/2022,2022,2,11,47,0.00000001,20.8,33.3,0,28,62,11,1009,31.4,56,24,1005.2,0,0,0,0,0,0,0,0,0,0,1,0
16/11/2022,2022,2,11,47,0.00000001,21.8,32,0,27.8,39,17,1008.9,29.7,42,13,1005.2,0,0,0,0,0,0,0,0,0,0,1,0
17/11/2022,2022,2,11,47,0.00000001,16.3,27.4,0,22.5,27,24,1012.3,26.6,23,13,1009.1,0,0,0,0,0,0,0,0,0,0,1,0
18/11/2022,2022,2,11,47,0.00000001,13.3,27,0,24.3,40,9,1014.5,25,42,24,1011,0,0,0,0,0,0,0,0,0,0,1,0
19/11/2022,2022,2,11,47,0.00000001,14.9,29.1,0,24.9,58,19,1013.6,26.6,58,30,1009.4,0,0,0,0,0,0,0,0,0,0,1,0
20/11/2022,2022,2,11,47,0.00000001,23.7,30.9,0,27,68,33,1009.9,27.7,69,35,1005.8,0,0,0,0,0,0,0,0,0,0,1,0
21/11/2022,2022,2,11,48,0.00000001,23.2,33.2,0,28.6,71,13,1009,26.1,91,13,1005.8,0,0,0,0,0,0,0,0,0,0,1,0
22/11/2022,2022,2,11,48,0.00000001,21.1,30.4,5.8,23.7,39,17,1013.7,28.3,28,9,1011,0,0,0,0,0,0,0,0,0,0,1,0
23/11/2022,2022,2,11,48,0.00000001,17.7,28.3,0,24.7,57,7,1016,26,60,11,1015,0,0,0,0,0,0,0,0,0,0,1,0
24/11/2022,2022,2,11,48,0.00000001,19.9,27.4,0,25.7,42,6,1017.3,26.9,33,15,1015.4,0,0,0,0,0,0,0,0,0,0,1,0
25/11/2022,2022,2,11,48,0.00000001,18.5,31.9,0,27.4,41,9,1017.4,30.6,31,22,1013,0,0,0,0,0,0,0,0,0,0,1,0
26/11/2022,2022,2,11,48,0.00000001,17.6,32.1,0,27.2,58,13,1013.6,29.5,49,24,1008.7,0,0,0,0,0,0,0,0,0,0,1,0
27/11/2022,2022,2,11,48,0.00000001,20.9,30.8,0,28.8,55,26,1010.5,29.6,43,33,1007,0,0,0,0,0,0,0,0,0,0,1,0
28/11/2022,2022,2,11,49,0.00000001,23,30.2,0,27.5,61,17,1008.4,28.8,60,31,1005.2,0,0,0,0,0,0,0,0,0,0,1,0
29/11/2022,2022,2,11,49,0.00000001,21.5,25.6,8,25.4,78,15,1009.1,24.3,88,9,1007.1,0,0,0,0,0,0,0,0,0,0,1,0
30/11/2022,2022,2,11,49,346.02,20.9,28.5,10,21.4,100,24,1011.4,20.4,94,33,1007.6,0,0,0,0,0,0,0,0,0,0,1,0
1/12/2022,2022,2,12,49,0.00000001,17.2,22.8,1.7,17.6,97,20,1004.7,18.3,96,26,1003.8,0,0,0,0,0,0,0,0,0,0,0,1
2/12/2022,2022,2,12,49,0.00000001,15.9,26.3,2.6,22.6,63,20,1007.5,24.8,57,25,1006.7,0,0,0,0,0,0,0,0,0,0,0,1
3/12/2022,2022,2,12,49,0.00000001,15.6,26.4,0,23.2,57,19,1011.9,24.6,48,25,1010.2,0,0,0,0,0,0,0,0,0,0,0,1
4/12/2022,2022,2,12,49,0.00000001,15.7,27.8,0.6,24.5,62,19,1011.7,26,57,25,1008.5,0,0,0,0,0,0,0,0,0,0,0,1
5/12/2022,2022,2,12,50,0.00000001,18.9,29.1,0,23.7,66,19,1010.4,27.5,56,20,1006.5,0,0,0,0,0,0,0,0,0,0,0,1
6/12/2022,2022,2,12,50,0.00000001,17.6,32.5,,28.1,54,13,1009.1,30.5,52,26,1005.2,0,0,0,0,0,0,0,0,0,0,0,1
7/12/2022,2022,2,12,50,0.00000001,20.1,35.4,0,30.3,51,9,1008.4,31.4,51,24,1004.9,0,0,0,0,0,0,0,0,0,0,0,1
8/12/2022,2022,2,12,50,0.00000001,22.9,32.2,0,28.9,64,15,1006.6,28.4,74,39,1002.1,0,0,0,0,0,0,0,0,0,0,0,1
9/12/2022,2022,2,12,50,0.00000001,20.5,29.3,7,26.4,65,15,1010.1,28,58,24,1007.7,0,0,0,0,0,0,0,0,0,0,0,1
10/12/2022,2022,2,12,50,0.00000001,20.4,28.7,0,24.6,72,17,1013.9,26.4,61,26,1011.7,0,0,0,0,0,0,0,0,0,0,0,1
11/12/2022,2022,2,12,50,0.00000001,19.6,29.3,0,25.1,68,19,1014.6,28.7,51,17,1011.9,0,0,0,0,0,0,0,0,0,0,0,1
12/12/2022,2022,2,12,51,0.00000001,19.6,31.2,0,27,69,20,1012.4,30,58,26,1008.4,0,0,0,0,0,0,0,0,0,0,0,1
13/12/2022,2022,2,12,51,0.00000001,24.5,32.3,0,29.2,64,19,1009,30.5,64,28,1005.7,0,0,0,0,0,0,0,0,0,0,0,1
14/12/2022,2022,2,12,51,0.00000001,22.8,30.9,37.4,26.8,78,11,1007.4,27.2,73,15,1003.8,0,0,0,0,0,0,0,0,0,0,0,1
15/12/2022,2022,2,12,51,0.00000001,18.3,29.6,0,24.8,37,13,1007.8,28.6,28,13,1004.6,0,0,0,0,0,0,0,0,0,0,0,1
16/12/2022,2022,2,12,51,0.00000001,18.9,29.7,0,26.8,64,11,1009.4,28.4,46,19,1007.4,0,0,0,0,0,0,0,0,0,0,0,1
17/12/2022,2022,2,12,51,0.00000001,19.2,28.5,0,25.5,61,22,1013.6,27.1,56,28,1012,0,0,0,0,0,0,0,0,0,0,0,1
18/12/2022,2022,2,12,51,0.00000001,18.7,27.7,0,25.6,51,26,1016.1,25.5,56,31,1014,0,0,0,0,0,0,0,0,0,0,0,1
19/12/2022,2022,2,12,52,0.00000001,17.2,26.8,0,24.4,59,22,1016.6,24.4,60,28,1014.7,0,0,0,0,0,0,0,0,0,0,0,1
20/12/2022,2022,2,12,52,0.00000001,17,27.7,0,24.3,62,24,1016.1,25.8,58,35,1013.1,0,0,0,0,0,0,0,0,0,0,0,1
21/12/2022,2022,2,12,52,0.00000001,16.5,27.4,0,24.2,48,24,1015.1,26.5,48,22,1012.7,0,0,0,0,0,0,0,0,0,0,0,1
22/12/2022,2022,2,12,52,0.00000001,16.9,28,0,25.6,47,19,1016.1,25.6,49,20,1013.6,0,0,0,0,0,0,0,0,0,0,0,1
23/12/2022,2022,2,12,52,0.00000001,16.6,28.4,0,26.2,56,9,1014.9,26.8,46,17,1011.9,0,0,0,0,0,0,0,0,0,0,0,1
24/12/2022,2022,2,12,52,0.00000001,20.1,26,0,24,79,7,1013.1,25.9,67,7,1011.4,0,0,0,0,0,0,0,0,0,0,0,1
25/12/2022,2022,2,12,52,0.00000001,20.7,28,0.4,24.3,79,9,1013.9,27.1,59,17,1013.1,0,0,0,0,0,0,0,0,0,0,0,1
26/12/2022,2022,2,12,53,0.00000001,19.8,29.5,0,25.5,68,26,1017.3,28.5,54,35,1015.7,0,0,0,0,0,0,0,0,0,0,0,1
27/12/2022,2022,2,12,53,0.00000001,19.6,29.3,0,27.2,54,39,1016.9,27.8,47,35,1015,0,0,0,0,0,0,0,0,0,0,0,1
28/12/2022,2022,2,12,53,0.00000001,17.9,29.6,0,25.3,56,28,1013.4,28.1,40,35,1010.6,0,0,0,0,0,0,0,0,0,0,0,1
29/12/2022,2022,2,12,53,0.00000001,17.8,30.8,0,25.4,61,17,1011.5,26.8,55,24,1008.9,0,0,0,0,0,0,0,0,0,0,0,1
30/12/2022,2022,2,12,53,0.00000001,22.5,30.4,0,24.3,84,28,1010.6,26.1,77,31,1007.9,0,0,0,0,0,0,0,0,0,0,0,1
31/12/2022,2022,2,12,53,13291.73,21.1,30.8,0.6,26.4,60,24,1011.1,28.6,54,30,1009.3,0,0,0,0,0,0,0,0,0,0,0,1
1/01/2023,2023,3,1,1,0.00000001,19.2,30.4,0,27.5,55,26,1011.2,28.8,52,30,1009.2,1,0,0,0,0,0,0,0,0,0,0,0
2/01/2023,2023,3,1,2,0.00000001,19,29.4,0,26.4,57,20,1010.8,28.4,49,26,1007.5,1,0,0,0,0,0,0,0,0,0,0,0
3/01/2023,2023,3,1,2,0.00000001,17.7,30.6,0,26.1,47,7,1007.7,29.2,44,22,1003.8,1,0,0,0,0,0,0,0,0,0,0,0
4/01/2023,2023,3,1,2,0.00000001,20.2,32.4,0,29,59,20,1004.6,31.8,56,33,1000.6,1,0,0,0,0,0,0,0,0,0,0,0
5/01/2023,2023,3,1,2,0.00000001,21.7,26.6,19.2,23.2,95,9,1004.3,24.5,89,7,1003.4,1,0,0,0,0,0,0,0,0,0,0,0
6/01/2023,2023,3,1,2,0.00000001,21.8,29.7,3,24.7,85,13,1005.6,28.4,63,28,1003.8,1,0,0,0,0,0,0,0,0,0,0,0
7/01/2023,2023,3,1,2,0.00000001,20.1,30,0,25.8,65,28,1007.4,28.7,50,31,1005.2,1,0,0,0,0,0,0,0,0,0,0,0
8/01/2023,2023,3,1,2,0.00000001,19.9,30.9,0,27.5,61,19,1010.8,29.4,53,19,1008.3,1,0,0,0,0,0,0,0,0,0,0,0
9/01/2023,2023,3,1,3,0.00000001,21.5,29.4,0,25.4,78,9,1012.5,28.1,65,17,1009.1,1,0,0,0,0,0,0,0,0,0,0,0
10/01/2023,2023,3,1,3,0.00000001,23.2,29.7,1.8,27.5,73,9,1010.6,28.6,66,19,1007.4,1,0,0,0,0,0,0,0,0,0,0,0
11/01/2023,2023,3,1,3,0.00000001,21,28.5,9.2,27,58,20,1012.5,27,55,19,1010.3,1,0,0,0,0,0,0,0,0,0,0,0
12/01/2023,2023,3,1,3,0.00000001,21.1,29.6,0,26.9,64,19,1014.2,28.1,50,26,1012.2,1,0,0,0,0,0,0,0,0,0,0,0
13/01/2023,2023,3,1,3,0.00000001,21.1,27,0.6,24.8,77,20,1014.8,21.5,94,20,1013.7,1,0,0,0,0,0,0,0,0,0,0,0
14/01/2023,2023,3,1,3,0.00000001,20.4,24.6,14.6,23.9,83,20,1014.6,22,94,22,1013.2,1,0,0,0,0,0,0,0,0,0,0,0
15/01/2023,2023,3,1,3,0.00000001,20.7,26,2.6,22.6,96,17,1014.8,24.9,82,24,1013.3,1,0,0,0,0,0,0,0,0,0,0,0
16/01/2023,2023,3,1,4,0.00000001,21.6,26.3,4.6,24,98,17,1015.5,23.3,98,24,1014.2,1,0,0,0,0,0,0,0,0,0,0,0
17/01/2023,2023,3,1,4,0.00000001,20.9,27,8.8,22.8,99,15,1014.5,22.8,100,22,1011.8,1,0,0,0,0,0,0,0,0,0,0,0
18/01/2023,2023,3,1,4,0.00000001,20,29.6,20.6,26.3,65,31,1011.4,28.3,52,31,1007.2,1,0,0,0,0,0,0,0,0,0,0,0
19/01/2023,2023,3,1,4,0.00000001,18,30.2,0,26.3,57,15,1008.2,29.5,44,13,1004.7,1,0,0,0,0,0,0,0,0,0,0,0
20/01/2023,2023,3,1,4,0.00000001,20.2,30.3,0,26.7,68,17,1008.5,29.1,54,24,1006.8,1,0,0,0,0,0,0,0,0,0,0,0
21/01/2023,2023,3,1,4,0.00000001,20,29.8,0,26.4,61,24,1011.4,28.8,50,28,1009.4,1,0,0,0,0,0,0,0,0,0,0,0
22/01/2023,2023,3,1,4,0.00000001,19.1,29.8,0,26.3,65,19,1011.3,28.2,56,19,1009.4,1,0,0,0,0,0,0,0,0,0,0,0
23/01/2023,2023,3,1,5,0.00000001,20,31,0,27.5,64,11,1011.7,30.4,47,17,1009.4,1,0,0,0,0,0,0,0,0,0,0,0
24/01/2023,2023,3,1,5,0.00000001,20.8,31,0,27,64,4,1012.6,30.1,47,17,1009.2,1,0,0,0,0,0,0,0,0,0,0,0
25/01/2023,2023,3,1,5,0.00000001,21,31.7,0,27.7,66,7,1012.8,29.9,48,22,1010.5,1,0,0,0,0,0,0,0,0,0,0,0
26/01/2023,2023,3,1,5,0.00000001,21.4,31.9,0,28.5,65,7,1014.1,30.1,55,19,1012.2,1,0,0,0,0,0,0,0,0,0,0,0
27/01/2023,2023,3,1,5,0.00000001,22.9,30.4,0,27.5,75,13,1014.6,28.7,55,15,1012.1,1,0,0,0,0,0,0,0,0,0,0,0
28/01/2023,2023,3,1,5,0.00000001,21.4,33.1,0,29.4,62,9,1014.1,31.8,44,20,1010.3,1,0,0,0,0,0,0,0,0,0,0,0
29/01/2023,2023,3,1,5,0.00000001,20.9,31.5,0,28.5,61,11,1014.8,30.3,54,20,1012.1,1,0,0,0,0,0,0,0,0,0,0,0
30/01/2023,2023,3,1,6,0.00000001,20.7,32,0,27.9,65,9,1013.1,31.1,46,17,1008.7,1,0,0,0,0,0,0,0,0,0,0,0
31/01/2023,2023,3,1,6,158.1,23.9,31.7,0,27.4,68,22,1007.4,29.6,65,28,1002.8,1,0,0,0,0,0,0,0,0,0,0,0
1/02/2023,2023,3,2,6,0.00000001,25.7,31,0,26.3,92,28,1002.6,27.1,98,17,999.4,0,1,0,0,0,0,0,0,0,0,0,0
2/02/2023,2023,3,2,6,0.00000001,23.7,32,8.6,28.6,80,13,1000.1,30.2,70,20,996.3,0,1,0,0,0,0,0,0,0,0,0,0
3/02/2023,2023,3,2,6,0.00000001,23.3,31.7,41.2,28.3,80,6,998.9,31.2,76,15,997.5,0,1,0,0,0,0,0,0,0,0,0,0
4/02/2023,2023,3,2,6,0.00000001,26,31.5,0,29.8,69,13,1005.1,29.4,65,7,1004.3,0,1,0,0,0,0,0,0,0,0,0,0
5/02/2023,2023,3,2,6,0.00000001,23.6,31.8,0,28,78,28,1011.3,29.7,67,28,1009.9,0,1,0,0,0,0,0,0,0,0,0,0
6/02/2023,2023,3,2,7,0.00000001,23.8,29.7,0,27.4,78,24,1013.4,27.5,70,33,1012,0,1,0,0,0,0,0,0,0,0,0,0
7/02/2023,2023,3,2,7,0.00000001,21.8,30.9,0,27.9,60,30,1012.3,29.4,53,35,1009.7,0,1,0,0,0,0,0,0,0,0,0,0
8/02/2023,2023,3,2,7,0.00000001,21.1,30,0,27.5,53,33,1010.6,29,48,31,1008.3,0,1,0,0,0,0,0,0,0,0,0,0
9/02/2023,2023,3,2,7,0.00000001,21.2,30,1,26.7,60,30,1008.5,29.2,52,33,1005.4,0,1,0,0,0,0,0,0,0,0,0,0
10/02/2023,2023,3,2,7,0.00000001,21.6,32.6,0,27.7,62,26,1004.3,32,39,17,1001.3,0,1,0,0,0,0,0,0,0,0,0,0
11/02/2023,2023,3,2,7,0.00000001,20.3,32,0,26.7,56,13,1007.5,30.4,46,19,1004.6,0,1,0,0,0,0,0,0,0,0,0,0
12/02/2023,2023,3,2,7,0.00000001,19.1,33.7,0,27.8,65,9,1006.8,31.3,55,28,1002.5,0,1,0,0,0,0,0,0,0,0,0,0
13/02/2023,2023,3,2,8,0.00000001,25.1,34.5,0,30.9,66,15,1005.3,31.7,64,30,1002.4,0,1,0,0,0,0,0,0,0,0,0,0
14/02/2023,2023,3,2,8,0.00000001,25.1,31.2,13.4,25.8,95,20,1006.6,29,67,35,1003.5,0,1,0,0,0,0,0,0,0,0,0,0
15/02/2023,2023,3,2,8,0.00000001,19.9,30,48.6,24.9,71,17,1011.8,29.3,60,26,1010.1,0,1,0,0,0,0,0,0,0,0,0,0
16/02/2023,2023,3,2,8,0.00000001,19.4,29.8,0,26,67,17,1016.4,28.5,55,24,1013.4,0,1,0,0,0,0,0,0,0,0,0,0
17/02/2023,2023,3,2,8,0.00000001,19.1,29.8,0,26.4,65,15,1017,28.9,47,19,1013.3,0,1,0,0,0,0,0,0,0,0,0,0
18/02/2023,2023,3,2,8,0.00000001,19.9,30.2,0,26.9,65,11,1016,29.3,55,22,1012.6,0,1,0,0,0,0,0,0,0,0,0,0
19/02/2023,2023,3,2,8,0.00000001,19.8,30.6,0,26.5,65,17,1017,29.3,52,30,1014.2,0,1,0,0,0,0,0,0,0,0,0,0
20/02/2023,2023,3,2,9,0.00000001,20.7,28.2,1,24.2,80,13,1018,26.9,64,22,1016,0,1,0,0,0,0,0,0,0,0,0,0
21/02/2023,2023,3,2,9,0.00000001,21.6,29.5,2.4,23.7,89,13,1017.9,24.4,90,13,1016.1,0,1,0,0,0,0,0,0,0,0,0,0
22/02/2023,2023,3,2,9,0.00000001,20,29.8,6.2,22.3,93,17,1015.6,28.8,50,31,1012.5,0,1,0,0,0,0,0,0,0,0,0,0
23/02/2023,2023,3,2,9,0.00000001,19.6,28.2,0,26.1,72,19,1013.6,23.8,80,24,1012.2,0,1,0,0,0,0,0,0,0,0,0,0
24/02/2023,2023,3,2,9,0.00000001,19.1,29.3,1,24.7,75,19,1014.5,27.2,68,24,1011.7,0,1,0,0,0,0,0,0,0,0,0,0
25/02/2023,2023,3,2,9,0.00000001,19.2,29.7,0,25.9,71,19,1014.5,25.3,69,26,1012,0,1,0,0,0,0,0,0,0,0,0,0
26/02/2023,2023,3,2,9,0.00000001,18.9,30.2,0,26.7,67,15,1014.4,28.8,58,22,1011.7,0,1,0,0,0,0,0,0,0,0,0,0
27/02/2023,2023,3,2,10,0.00000001,20.2,29.1,0,25.8,73,13,1014.3,27.5,61,19,1011.1,0,1,0,0,0,0,0,0,0,0,0,0
28/02/2023,2023,3,2,10,247.34,19.1,30,0,26.4,64,11,1012.7,29.4,45,19,1009.1,0,1,0,0,0,0,0,0,0,0,0,0
1/03/2023,2023,3,3,10,0.00000001,17.9,30.7,0,26.6,67,6,1009.8,28.8,56,19,1005.8,0,0,1,0,0,0,0,0,0,0,0,0
2/03/2023,2023,3,3,10,0.00000001,20.9,30.8,0,27.8,60,13,1009.3,28.4,59,20,1007.5,0,0,1,0,0,0,0,0,0,0,0,0
3/03/2023,2023,3,3,10,0.00000001,21.9,30.1,0,25.8,72,13,1011.7,28,50,24,1009.4,0,0,1,0,0,0,0,0,0,0,0,0
4/03/2023,2023,3,3,10,0.00000001,19.2,29.1,0,25.9,63,28,1012.1,27.6,59,30,1009.2,0,0,1,0,0,0,0,0,0,0,0,0
5/03/2023,2023,3,3,10,0.00000001,20,30,0,25.6,67,19,1012.4,29.4,50,28,1009.3,0,0,1,0,0,0,0,0,0,0,0,0
6/03/2023,2023,3,3,11,0.00000001,18.6,30.2,0,26.7,61,9,1012.6,29,48,17,1010,0,0,1,0,0,0,0,0,0,0,0,0
7/03/2023,2023,3,3,11,0.00000001,17.7,31.2,0,27.6,60,9,1013,30.3,35,17,1009.5,0,0,1,0,0,0,0,0,0,0,0,0
8/03/2023,2023,3,3,11,0.00000001,22.1,32,0,27.9,71,11,1010.8,29.9,62,26,1007.6,0,0,1,0,0,0,0,0,0,0,0,0
9/03/2023,2023,3,3,11,0.00000001,24.1,31.3,0.2,29.2,61,6,1010.2,28.8,69,13,1007.7,0,0,1,0,0,0,0,0,0,0,0,0
10/03/2023,2023,3,3,11,0.00000001,22.8,30.2,2.4,25.4,83,17,1012.9,29,67,26,1011,0,0,1,0,0,0,0,0,0,0,0,0
11/03/2023,2023,3,3,11,0.00000001,22.4,29.4,22,24,100,9,1013.1,28.5,76,11,1010.5,0,0,1,0,0,0,0,0,0,0,0,0
12/03/2023,2023,3,3,11,0.00000001,22.9,32.7,6.8,28.5,78,17,1011,31.5,63,31,1005.9,0,0,1,0,0,0,0,0,0,0,0,0
13/03/2023,2023,3,3,12,0.00000001,22.9,30.9,9.2,26.3,86,7,1010,25.9,87,9,1008,0,0,1,0,0,0,0,0,0,0,0,0
14/03/2023,2023,3,3,12,0.00000001,22.5,31.4,19.2,27.1,76,19,1013.3,30.6,64,20,1011,0,0,1,0,0,0,0,0,0,0,0,0
15/03/2023,2023,3,3,12,0.00000001,22.1,31.9,0.2,27.6,78,4,1014.4,30,65,19,1010.4,0,0,1,0,0,0,0,0,0,0,0,0
16/03/2023,2023,3,3,12,0.00000001,22.8,32.9,0,27.1,92,0,1013.5,30,71,24,1009.7,0,0,1,0,0,0,0,0,0,0,0,0
17/03/2023,2023,3,3,12,0.00000001,22.8,32.5,3.2,27.6,77,0,1014.7,31,67,17,1012.2,0,0,1,0,0,0,0,0,0,0,0,0
18/03/2023,2023,3,3,12,0.00000001,22.1,31.7,0,28.1,73,19,1019.3,30.5,59,22,1017,0,0,1,0,0,0,0,0,0,0,0,0
19/03/2023,2023,3,3,12,0.00000001,21.7,31.1,0,27.9,71,20,1019.8,30.2,55,30,1016.5,0,0,1,0,0,0,0,0,0,0,0,0
20/03/2023,2023,3,3,13,0.00000001,21.1,31.3,0.8,25.6,83,19,1018.7,29.9,63,22,1016.1,0,0,1,0,0,0,0,0,0,0,0,0
21/03/2023,2023,3,3,13,0.00000001,22.1,30.3,1.4,27.7,58,33,1020.4,28.2,56,33,1017.2,0,0,1,0,0,0,0,0,0,0,0,0
22/03/2023,2023,3,3,13,0.00000001,21.3,29.3,0.6,23.2,94,19,1019.2,27.9,59,20,1016.1,0,0,1,0,0,0,0,0,0,0,0,0
23/03/2023,2023,3,3,13,0.00000001,21.3,29.7,9.2,25.8,70,22,1018.7,28.3,62,24,1016.2,0,0,1,0,0,0,0,0,0,0,0,0
24/03/2023,2023,3,3,13,0.00000001,18.8,30.1,0.2,25.7,74,13,1016.9,28.8,55,19,1013.2,0,0,1,0,0,0,0,0,0,0,0,0
25/03/2023,2023,3,3,13,0.00000001,20.4,30,0,27,65,9,1015.4,29.8,51,11,1012.4,0,0,1,0,0,0,0,0,0,0,0,0
26/03/2023,2023,3,3,13,0.00000001,20.5,30.4,0,26.8,70,13,1014.6,29.4,52,15,1011.5,0,0,1,0,0,0,0,0,0,0,0,0
27/03/2023,2023,3,3,14,0.00000001,20.3,30.8,0,27.2,64,9,1015.5,29.6,53,13,1012.8,0,0,1,0,0,0,0,0,0,0,0,0
28/03/2023,2023,3,3,14,0.00000001,20,30.7,0,26.9,72,6,1015.6,29.1,59,17,1011.7,0,0,1,0,0,0,0,0,0,0,0,0
29/03/2023,2023,3,3,14,0.00000001,20.8,30.9,0,27.4,68,13,1013.1,28.3,60,20,1008.6,0,0,1,0,0,0,0,0,0,0,0,0
30/03/2023,2023,3,3,14,0.00000001,22.5,28.4,0,26.3,75,20,1009.5,28.3,70,11,1006.5,0,0,1,0,0,0,0,0,0,0,0,0
31/03/2023,2023,3,3,14,27738.88,17.3,30,32.8,24,56,15,1012.7,29.7,33,13,1009.2,0,0,1,0,0,0,0,0,0,0,0,0
1/04/2023,2023,4,4,14,0.00000001,18.8,27.8,0,23.5,73,11,1012.6,24.9,71,11,1009.7,0,0,0,1,0,0,0,0,0,0,0,0
2/04/2023,2023,4,4,14,0.00000001,18,23,2,19.5,87,2,1014.3,19.4,89,9,1012.6,0,0,0,1,0,0,0,0,0,0,0,0
3/04/2023,2023,4,4,15,0.00000001,18.5,27.3,3,22.7,78,15,1014.5,26.7,65,17,1011.4,0,0,0,1,0,0,0,0,0,0,0,0
4/04/2023,2023,4,4,15,0.00000001,18.4,29.9,0,24.2,74,13,1014.4,28.1,53,9,1010.5,0,0,0,1,0,0,0,0,0,0,0,0
5/04/2023,2023,4,4,15,0.00000001,18.1,31.8,0.2,25.2,78,11,1012.7,31.4,28,20,1008,0,0,0,1,0,0,0,0,0,0,0,0
6/04/2023,2023,4,4,15,0.00000001,19.7,29.1,0,25.1,71,19,1013.1,27.7,59,17,1009.2,0,0,0,1,0,0,0,0,0,0,0,0
7/04/2023,2023,4,4,15,0.00000001,21,28.2,4.4,22.3,100,13,1010.8,24.4,78,28,1007.6,0,0,0,1,0,0,0,0,0,0,0,0
8/04/2023,2023,4,4,15,0.00000001,20.5,31.7,19.2,28.1,67,22,1006.7,31.2,34,17,1004,0,0,0,1,0,0,0,0,0,0,0,0
9/04/2023,2023,4,4,15,0.00000001,15.9,28.6,0,23.1,48,17,1011.2,28.2,31,17,1007.1,0,0,0,1,0,0,0,0,0,0,0,0
10/04/2023,2023,4,4,16,0.00000001,13.4,30,0,21.9,45,13,1012.8,29.9,28,13,1007.6,0,0,0,1,0,0,0,0,0,0,0,0
11/04/2023,2023,4,4,16,0.00000001,16.5,28,0,21.5,49,13,1013.7,27.8,31,15,1009.3,0,0,0,1,0,0,0,0,0,0,0,0
12/04/2023,2023,4,4,16,0.00000001,12.4,29.4,0,22.5,48,11,1013.6,28.7,30,11,1008.6,0,0,0,1,0,0,0,0,0,0,0,0
13/04/2023,2023,4,4,16,0.00000001,17.6,31.2,0,27,71,22,1008.4,30.7,31,13,1004.7,0,0,0,1,0,0,0,0,0,0,0,0
14/04/2023,2023,4,4,16,0.00000001,12,27.7,0,21.9,49,13,1010.7,26.9,39,17,1006.7,0,0,0,1,0,0,0,0,0,0,0,0
15/04/2023,2023,4,4,16,0.00000001,14.3,27.8,0,23.7,68,17,1011.4,27.2,47,11,1007.8,0,0,0,1,0,0,0,0,0,0,0,0
16/04/2023,2023,4,4,16,0.00000001,16.3,28.9,0,25.4,71,0,1011.4,27.9,51,13,1008,0,0,0,1,0,0,0,0,0,0,0,0
17/04/2023,2023,4,4,17,0.00000001,20.4,29.8,0,25.5,71,7,1015.3,28.4,53,15,1013.4,0,0,0,1,0,0,0,0,0,0,0,0
18/04/2023,2023,4,4,17,0.00000001,20.3,28.2,0,24.3,64,30,1019.4,25.7,61,31,1015.4,0,0,0,1,0,0,0,0,0,0,0,0
19/04/2023,2023,4,4,17,0.00000001,17.8,28.5,0,22.8,67,22,1015.9,27.3,52,22,1012,0,0,0,1,0,0,0,0,0,0,0,0
20/04/2023,2023,4,4,17,0.00000001,15.9,27.9,0,23,58,19,1016.3,26.3,45,24,1013.7,0,0,0,1,0,0,0,0,0,0,0,0
21/04/2023,2023,4,4,17,0.00000001,18.1,28.2,0,22.8,64,22,1018.8,27,50,30,1017.1,0,0,0,1,0,0,0,0,0,0,0,0
22/04/2023,2023,4,4,17,0.00000001,17.7,26.8,0,22.9,65,30,1021.6,24.2,62,30,1020.2,0,0,0,1,0,0,0,0,0,0,0,0
23/04/2023,2023,4,4,17,0.00000001,16.7,26.8,0,22.4,68,22,1022.9,25.5,54,28,1021.4,0,0,0,1,0,0,0,0,0,0,0,0
24/04/2023,2023,4,4,18,0.00000001,16.9,28,0,23.6,65,28,1023.3,26.2,52,37,1021.4,0,0,0,1,0,0,0,0,0,0,0,0
25/04/2023,2023,4,4,18,0.00000001,17.5,26.2,1,22.7,73,20,1022.6,22.8,66,28,1020.1,0,0,0,1,0,0,0,0,0,0,0,0
26/04/2023,2023,4,4,18,0.00000001,15.9,27.2,0.8,22.6,71,22,1021.7,24.9,51,35,1018.9,0,0,0,1,0,0,0,0,0,0,0,0
27/04/2023,2023,4,4,18,0.00000001,17.1,27.8,0.6,21,80,17,1021,25.3,55,30,1017.3,0,0,0,1,0,0,0,0,0,0,0,0
28/04/2023,2023,4,4,18,0.00000001,17.5,27,0,22.8,73,24,1018.1,25.3,57,28,1014.1,0,0,0,1,0,0,0,0,0,0,0,0
29/04/2023,2023,4,4,18,0.00000001,16,26.6,0.2,21.8,79,9,1012.8,25.3,62,17,1009.3,0,0,0,1,0,0,0,0,0,0,0,0
30/04/2023,2023,4,4,18,1470.04,15.7,26.1,1,19.1,81,17,1012.3,25,51,15,1010.1,0,0,0,1,0,0,0,0,0,0,0,0
1/05/2023,2023,4,5,19,0.00000001,13.4,24.7,0,19.6,49,19,1016.9,23.6,36,20,1014,0,0,0,0,1,0,0,0,0,0,0,0
2/05/2023,2023,4,5,19,0.00000001,11.6,25.2,0,19.2,52,7,1020.8,24.6,32,13,1016.9,0,0,0,0,1,0,0,0,0,0,0,0
3/05/2023,2023,4,5,19,0.00000001,10.5,25.9,0,19.8,47,11,1020.7,25.5,36,15,1017,0,0,0,0,1,0,0,0,0,0,0,0
4/05/2023,2023,4,5,19,0.00000001,10.4,27.4,0,21.7,59,9,1018.6,26.3,33,20,1014.3,0,0,0,0,1,0,0,0,0,0,0,0
5/05/2023,2023,4,5,19,0.00000001,13.9,26.8,0,22,63,15,1017.9,25.5,51,19,1014.7,0,0,0,0,1,0,0,0,0,0,0,0
6/05/2023,2023,4,5,19,0.00000001,14.6,26.5,0,23,60,15,1019,25.3,44,22,1015.2,0,0,0,0,1,0,0,0,0,0,0,0
7/05/2023,2023,4,5,19,0.00000001,12.5,27,0,21.1,68,11,1017.4,25.4,54,13,1014.1,0,0,0,0,1,0,0,0,0,0,0,0
8/05/2023,2023,4,5,20,0.00000001,10.3,21.4,0,14.4,34,26,1020.2,20.8,23,24,1015,0,0,0,0,1,0,0,0,0,0,0,0
9/05/2023,2023,4,5,20,0.00000001,6.7,21.9,0,13.7,37,19,1020.4,21.6,21,9,1017.9,0,0,0,0,1,0,0,0,0,0,0,0
10/05/2023,2023,4,5,20,0.00000001,5.3,25.5,0,18.7,47,19,1023,23.9,50,28,1020.1,0,0,0,0,1,0,0,0,0,0,0,0
11/05/2023,2023,4,5,20,0.00000001,15.9,26.1,0,20.2,71,20,1024.8,23.4,55,28,1023,0,0,0,0,1,0,0,0,0,0,0,0
12/05/2023,2023,4,5,20,0.00000001,14.7,25.8,0,22.1,68,24,1026.2,22.6,61,30,1024,0,0,0,0,1,0,0,0,0,0,0,0
13/05/2023,2023,4,5,20,0.00000001,15,25.6,0,21.7,69,22,1025.4,22.9,63,35,1022.2,0,0,0,0,1,0,0,0,0,0,0,0
14/05/2023,2023,4,5,20,0.00000001,17.4,25.4,0.2,21.3,76,24,1023,21,82,22,1019.3,0,0,0,0,1,0,0,0,0,0,0,0
15/05/2023,2023,4,5,21,0.00000001,18.1,25.8,1,21.1,88,22,1020.2,24.3,73,24,1015.8,0,0,0,0,1,0,0,0,0,0,0,0
16/05/2023,2023,4,5,21,0.00000001,16.7,25.5,17.8,22.2,78,22,1014,22.9,58,30,1011.9,0,0,0,0,1,0,0,0,0,0,0,0
17/05/2023,2023,4,5,21,0.00000001,13.5,25,0,18.7,69,17,1017.7,24.4,39,13,1014.4,0,0,0,0,1,0,0,0,0,0,0,0
18/05/2023,2023,4,5,21,0.00000001,12.6,23.9,0,18.1,65,13,1018.8,23.5,37,13,1014.3,0,0,0,0,1,0,0,0,0,0,0,0
19/05/2023,2023,4,5,21,0.00000001,9.4,23.1,0,17.6,62,13,1017.5,22.7,32,13,1013.4,0,0,0,0,1,0,0,0,0,0,0,0
20/05/2023,2023,4,5,21,0.00000001,9.6,23.2,0,16.7,60,11,1018.7,22.3,35,7,1015.5,0,0,0,0,1,0,0,0,0,0,0,0
21/05/2023,2023,4,5,21,0.00000001,8.7,22.6,0,15.5,47,15,1021.4,22.3,28,19,1018.1,0,0,0,0,1,0,0,0,0,0,0,0
22/05/2023,2023,4,5,22,0.00000001,10.2,23.8,0,17.4,44,17,1024.9,22.9,45,19,1022.9,0,0,0,0,1,0,0,0,0,0,0,0
23/05/2023,2023,4,5,22,0.00000001,11,25.1,0,18.2,61,19,1027.7,24.5,40,17,1023.9,0,0,0,0,1,0,0,0,0,0,0,0
24/05/2023,2023,4,5,22,0.00000001,12.3,25.1,0,19.2,72,17,1026.6,23.5,48,24,1023.7,0,0,0,0,1,0,0,0,0,0,0,0
25/05/2023,2023,4,5,22,0.00000001,10.8,24.9,0,18.9,73,13,1024.4,23.8,48,19,1019.9,0,0,0,0,1,0,0,0,0,0,0,0
26/05/2023,2023,4,5,22,0.00000001,9.4,27.1,0,17.9,88,9,1018.4,24.7,51,24,1011.6,0,0,0,0,1,0,0,0,0,0,0,0
27/05/2023,2023,4,5,22,0.00000001,10.7,22.9,0,16,51,17,1017.2,22.2,37,13,1013.3,0,0,0,0,1,0,0,0,0,0,0,0
28/05/2023,2023,4,5,22,0.00000001,9.3,24.7,0,16.2,56,15,1017.7,24,34,11,1014.4,0,0,0,0,1,0,0,0,0,0,0,0
29/05/2023,2023,4,5,23,0.00000001,6.7,22.5,0,14.7,52,15,1021.4,22,26,17,1018.2,0,0,0,0,1,0,0,0,0,0,0,0
30/05/2023,2023,4,5,23,0.00000001,7.8,23.5,0,16.1,50,13,1025.2,22.3,40,15,1021.5,0,0,0,0,1,0,0,0,0,0,0,0
31/05/2023,2023,4,5,23,395.41,7.7,24.5,0,17,75,11,1024,23.2,42,11,1019.9,0,0,0,0,1,0,0,0,0,0,0,0
1/06/2023,2023,4,6,23,0.00000001,8.4,26.3,0,19.4,72,9,1022.1,24.1,52,19,1018.2,0,0,0,0,0,1,0,0,0,0,0,0
2/06/2023,2023,4,6,23,0.00000001,10.9,26,0,18.7,89,11,1022.9,24.6,48,19,1020.8,0,0,0,0,0,1,0,0,0,0,0,0
3/06/2023,2023,4,6,23,0.00000001,14.3,26.1,0,20.4,81,13,1024.3,23.9,59,11,1022,0,0,0,0,0,1,0,0,0,0,0,0
4/06/2023,2023,4,6,23,0.00000001,16.8,26.2,0,21.9,78,15,1024.9,23.8,62,28,1022.3,0,0,0,0,0,1,0,0,0,0,0,0
5/06/2023,2023,4,6,24,0.00000001,16,26.1,0.4,22.2,72,20,1024.6,23.1,69,26,1021.4,0,0,0,0,0,1,0,0,0,0,0,0
6/06/2023,2023,4,6,24,0.00000001,16.4,24.7,5.8,19.5,84,17,1025.5,22.6,58,33,1022.5,0,0,0,0,0,1,0,0,0,0,0,0
7/06/2023,2023,4,6,24,0.00000001,14.5,25,0,19.5,73,15,1025,21,62,20,1021.3,0,0,0,0,0,1,0,0,0,0,0,0
8/06/2023,2023,4,6,24,0.00000001,11.4,24.2,0,18.7,84,13,1021.7,23.4,57,7,1017.2,0,0,0,0,0,1,0,0,0,0,0,0
9/06/2023,2023,4,6,24,0.00000001,12.8,26.5,0,18.7,88,9,1018.8,24.9,60,17,1015.4,0,0,0,0,0,1,0,0,0,0,0,0
10/06/2023,2023,4,6,24,0.00000001,11.5,23.7,0.2,17.4,60,13,1022.2,22.8,38,15,1018.9,0,0,0,0,0,1,0,0,0,0,0,0
11/06/2023,2023,4,6,24,0.00000001,12.5,24.4,0,18,78,15,1022.9,23.5,60,22,1019.3,0,0,0,0,0,1,0,0,0,0,0,0
12/06/2023,2023,4,6,25,0.00000001,13.5,25.2,0,18.3,89,13,1021.6,24.2,51,7,1017.6,0,0,0,0,0,1,0,0,0,0,0,0
13/06/2023,2023,4,6,25,0.00000001,11.5,26.4,0,17.9,88,9,1018.4,24.3,56,17,1014.3,0,0,0,0,0,1,0,0,0,0,0,0
14/06/2023,2023,4,6,25,0.00000001,11.4,26.7,0.2,17.5,87,6,1017.5,26,24,19,1014.3,0,0,0,0,0,1,0,0,0,0,0,0
15/06/2023,2023,4,6,25,0.00000001,7.1,24,0,16.3,47,15,1019,23.2,24,11,1014.9,0,0,0,0,0,1,0,0,0,0,0,0
16/06/2023,2023,4,6,25,0.00000001,5.2,21.3,0,14.4,54,17,1021.3,20.7,29,15,1017.7,0,0,0,0,0,1,0,0,0,0,0,0
17/06/2023,2023,4,6,25,0.00000001,7.9,24.1,0,17.1,60,17,1020.9,22.6,53,20,1017.7,0,0,0,0,0,1,0,0,0,0,0,0
18/06/2023,2023,4,6,25,0.00000001,11.9,24.5,0,16.3,81,9,1019.6,23.4,50,11,1016,0,0,0,0,0,1,0,0,0,0,0,0
19/06/2023,2023,4,6,26,0.00000001,10.5,26.2,0,18.2,76,13,1019,25.5,33,13,1014.8,0,0,0,0,0,1,0,0,0,0,0,0
20/06/2023,2023,4,6,26,0.00000001,7.5,23.6,0,15.6,54,11,1020.5,22.7,24,15,1016.9,0,0,0,0,0,1,0,0,0,0,0,0
21/06/2023,2023,4,6,26,0.00000001,7.1,22.5,0,16.1,52,15,1022.1,21.7,40,17,1018.9,0,0,0,0,0,1,0,0,0,0,0,0
22/06/2023,2023,4,6,26,0.00000001,9.2,23.4,0,17,68,13,1021,22.5,48,13,1017.1,0,0,0,0,0,1,0,0,0,0,0,0
23/06/2023,2023,4,6,26,0.00000001,10,25.9,0,19.6,75,9,1016.9,23.7,63,30,1013.4,0,0,0,0,0,1,0,0,0,0,0,0
24/06/2023,2023,4,6,26,0.00000001,10.5,27,0,19.2,76,7,1018,24.2,44,19,1014.9,0,0,0,0,0,1,0,0,0,0,0,0
25/06/2023,2023,4,6,26,0.00000001,15,26.8,0.2,18,100,0,1019.5,24.9,67,22,1015.7,0,0,0,0,0,1,0,0,0,0,0,0
26/06/2023,2023,4,6,27,0.00000001,15.9,27.8,0,20,99,7,1019.4,25.7,61,9,1016.2,0,0,0,0,0,1,0,0,0,0,0,0
27/06/2023,2023,4,6,27,0.00000001,9,25.5,0,18.3,37,13,1020.9,23.2,30,19,1017.9,0,0,0,0,0,1,0,0,0,0,0,0
28/06/2023,2023,4,6,27,0.00000001,10,26.2,0,18.8,64,7,1020.3,23.9,59,22,1014.5,0,0,0,0,0,1,0,0,0,0,0,0
29/06/2023,2023,4,6,27,0.00000001,15.4,23.4,0,20.9,57,15,1015.8,20.5,52,19,1014.9,0,0,0,0,0,1,0,0,0,0,0,0
30/06/2023,2023,4,6,27,37369.12,8.5,19.6,0,12.6,51,24,1021.6,18.4,29,15,1018.1,0,0,0,0,0,1,0,0,0,0,0,0
1/07/2023,2023,1,7,27,0.00000001,8,21.5,0,12.2,52,20,1022.5,21,30,17,1018.6,0,0,0,0,0,0,1,0,0,0,0,0
2/07/2023,2023,1,7,27,0.00000001,10.1,23.8,0,15.8,60,19,1024.9,22.1,48,30,1023.3,0,0,0,0,0,0,1,0,0,0,0,0
3/07/2023,2023,1,7,28,0.00000001,14,21.8,0,17.1,90,15,1026,19.5,77,26,1020.4,0,0,0,0,0,0,1,0,0,0,0,0
4/07/2023,2023,1,7,28,0.00000001,16.5,24.3,2.4,19.7,99,19,1018.6,21.4,88,19,1015.1,0,0,0,0,0,0,1,0,0,0,0,0
5/07/2023,2023,1,7,28,0.00000001,19.6,26.4,12.4,20.9,100,9,1016.8,25.5,69,13,1012.7,0,0,0,0,0,0,1,0,0,0,0,0
6/07/2023,2023,1,7,28,0.00000001,13.7,26.6,1,18.8,79,9,1016.9,24.8,61,19,1012.9,0,0,0,0,0,0,1,0,0,0,0,0
7/07/2023,2023,1,7,28,0.00000001,12,24.6,0.2,17.8,50,13,1019.1,24.4,26,17,1015,0,0,0,0,0,0,1,0,0,0,0,0
8/07/2023,2023,1,7,28,0.00000001,7.8,21.9,0,14.7,50,17,1022,21.5,30,15,1018.3,0,0,0,0,0,0,1,0,0,0,0,0
9/07/2023,2023,1,7,28,0.00000001,5.8,23.5,0,14.2,55,17,1022.9,23,28,20,1018.2,0,0,0,0,0,0,1,0,0,0,0,0
10/07/2023,2023,1,7,29,0.00000001,9.3,23.6,0,15.5,59,13,1022.9,22.2,50,17,1020.7,0,0,0,0,0,0,1,0,0,0,0,0
11/07/2023,2023,1,7,29,0.00000001,7.9,24.3,0,16.8,88,11,1025,23.2,41,20,1021.8,0,0,0,0,0,0,1,0,0,0,0,0
12/07/2023,2023,1,7,29,0.00000001,10.9,24.5,0,17.2,77,24,1026.4,21.7,55,28,1023.7,0,0,0,0,0,0,1,0,0,0,0,0
13/07/2023,2023,1,7,29,0.00000001,13.2,24.5,0,17.4,81,17,1026.5,22.6,57,22,1024.1,0,0,0,0,0,0,1,0,0,0,0,0
14/07/2023,2023,1,7,29,0.00000001,12.7,24.3,1.4,18.3,78,19,1026.3,22.5,55,28,1023.2,0,0,0,0,0,0,1,0,0,0,0,0
15/07/2023,2023,1,7,29,0.00000001,11.8,24.3,0,19.2,68,13,1024.3,23.3,46,19,1022.1,0,0,0,0,0,0,1,0,0,0,0,0
16/07/2023,2023,1,7,29,0.00000001,14.8,22.8,0,19.9,68,17,1024.7,18.1,84,30,1023.1,0,0,0,0,0,0,1,0,0,0,0,0
17/07/2023,2023,1,7,30,0.00000001,15.3,24.6,3,18.8,81,15,1024.7,23.5,49,30,1021.6,0,0,0,0,0,0,1,0,0,0,0,0
18/07/2023,2023,1,7,30,0.00000001,14,24.4,0,17.4,79,17,1022.3,22.7,56,22,1018,0,0,0,0,0,0,1,0,0,0,0,0
19/07/2023,2023,1,7,30,0.00000001,12.6,25.6,0,19.3,72,15,1019.8,23.8,43,19,1016.3,0,0,0,0,0,0,1,0,0,0,0,0
20/07/2023,2023,1,7,30,0.00000001,11,22.9,0,17.1,70,13,1022.4,21.5,43,15,1018.2,0,0,0,0,0,0,1,0,0,0,0,0
21/07/2023,2023,1,7,30,0.00000001,8.1,25.4,0,18.5,70,9,1020.5,23.4,45,24,1015.2,0,0,0,0,0,0,1,0,0,0,0,0
22/07/2023,2023,1,7,30,0.00000001,8.6,25.7,0,17.9,60,13,1019,24.6,22,19,1015.3,0,0,0,0,0,0,1,0,0,0,0,0
23/07/2023,2023,1,7,30,0.00000001,8.4,23.3,0,16.1,60,13,1019.5,22.2,36,20,1015.2,0,0,0,0,0,0,1,0,0,0,0,0
24/07/2023,2023,1,7,31,0.00000001,12.7,18.4,6.4,14.5,93,20,1020.2,16.3,84,26,1019.5,0,0,0,0,0,0,1,0,0,0,0,0
25/07/2023,2023,1,7,31,0.00000001,14.3,23.4,1,18.4,79,30,1028.2,21.1,57,39,1027.5,0,0,0,0,0,0,1,0,0,0,0,0
26/07/2023,2023,1,7,31,0.00000001,13.2,23.2,0.2,17.9,70,22,1032,22,43,28,1028.8,0,0,0,0,0,0,1,0,0,0,0,0
27/07/2023,2023,1,7,31,0.00000001,13.6,23,0,18.4,68,17,1028.9,22.2,51,24,1026,0,0,0,0,0,0,1,0,0,0,0,0
28/07/2023,2023,1,7,31,0.00000001,12.3,22.5,0,16,93,17,1027.5,19.5,76,0,1023,0,0,0,0,0,0,1,0,0,0,0,0
29/07/2023,2023,1,7,31,0.00000001,11.3,24.3,1.6,18.4,84,15,1024.4,23.4,38,11,1020.9,0,0,0,0,0,0,1,0,0,0,0,0
30/07/2023,2023,1,7,31,0.00000001,9.3,24.6,0,18.4,73,13,1024.1,23.1,43,19,1020.3,0,0,0,0,0,0,1,0,0,0,0,0
31/07/2023,2023,1,7,32,79.88,8.2,25.7,0.2,18.3,71,7,1024.2,24.1,50,17,1020.7,0,0,0,0,0,0,1,0,0,0,0,0
1/08/2023,2023,1,8,32,0.00000001,10.8,26.4,0,19.9,82,2,1025.9,24.3,48,17,1022.8,0,0,0,0,0,0,0,1,0,0,0,0
2/08/2023,2023,1,8,32,0.00000001,14.7,23.1,0.8,17,93,19,1029.2,21.6,55,35,1027.9,0,0,0,0,0,0,0,1,0,0,0,0
3/08/2023,2023,1,8,32,0.00000001,12.7,24.2,0,20.2,66,22,1031.1,22.6,49,35,1029.1,0,0,0,0,0,0,0,1,0,0,0,0
4/08/2023,2023,1,8,32,0.00000001,13.2,24.7,0,20.2,62,20,1031.6,22.6,55,31,1028.5,0,0,0,0,0,0,0,1,0,0,0,0
5/08/2023,2023,1,8,32,0.00000001,12.7,25.1,0.2,19.7,68,19,1028.8,23.6,40,28,1025.3,0,0,0,0,0,0,0,1,0,0,0,0
6/08/2023,2023,1,8,32,0.00000001,13.1,24,0.4,16.3,89,19,1027,17.2,88,13,1024,0,0,0,0,0,0,0,1,0,0,0,0
7/08/2023,2023,1,8,33,0.00000001,12.5,23.7,4.6,18.5,73,19,1025.9,22.1,56,24,1022.7,0,0,0,0,0,0,0,1,0,0,0,0
8/08/2023,2023,1,8,33,0.00000001,12.8,23.9,0,18.1,71,20,1027.1,20.5,62,28,1024,0,0,0,0,0,0,0,1,0,0,0,0
9/08/2023,2023,1,8,33,0.00000001,12.6,24.3,0,18.1,66,22,1028.5,22.1,49,31,1025.6,0,0,0,0,0,0,0,1,0,0,0,0
10/08/2023,2023,1,8,33,0.00000001,11.3,24.3,0,18.6,70,11,1027.9,22.6,43,17,1023.9,0,0,0,0,0,0,0,1,0,0,0,0
11/08/2023,2023,1,8,33,0.00000001,8.9,25.5,0,18.6,65,15,1025.3,22.8,52,26,1021.1,0,0,0,0,0,0,0,1,0,0,0,0
12/08/2023,2023,1,8,33,0.00000001,9.4,26.3,0,20,64,17,1024.2,23.8,46,24,1018.9,0,0,0,0,0,0,0,1,0,0,0,0
13/08/2023,2023,1,8,33,0.00000001,11.3,27.1,0,20.9,61,19,1021.4,24.6,36,26,1017,0,0,0,0,0,0,0,1,0,0,0,0
14/08/2023,2023,1,8,34,0.00000001,8.7,27.2,0,20.6,66,13,1020.5,25.6,36,26,1015.6,0,0,0,0,0,0,0,1,0,0,0,0
15/08/2023,2023,1,8,34,0.00000001,10.5,27.7,0,22.8,45,26,1018.6,25.6,46,24,1014.4,0,0,0,0,0,0,0,1,0,0,0,0
16/08/2023,2023,1,8,34,0.00000001,12.9,26,0,20.3,77,17,1020.5,25.4,52,20,1016.1,0,0,0,0,0,0,0,1,0,0,0,0
17/08/2023,2023,1,8,34,0.00000001,15,26.5,0,22.5,73,20,1018.3,24.1,63,39,1013.1,0,0,0,0,0,0,0,1,0,0,0,0
18/08/2023,2023,1,8,34,0.00000001,18.2,29.7,0,23,63,22,1014.8,25.7,57,26,1010,0,0,0,0,0,0,0,1,0,0,0,0
19/08/2023,2023,1,8,34,0.00000001,12,23.1,0.2,16.8,34,30,1020.8,22.9,16,30,1017.6,0,0,0,0,0,0,0,1,0,0,0,0
20/08/2023,2023,1,8,34,0.00000001,5.3,24.2,0,17.1,34,15,1024,23.2,29,17,1020.5,0,0,0,0,0,0,0,1,0,0,0,0
21/08/2023,2023,1,8,35,0.00000001,8.7,25,0,19.8,64,13,1024.3,23.4,41,17,1021.5,0,0,0,0,0,0,0,1,0,0,0,0
22/08/2023,2023,1,8,35,0.00000001,9.8,26.4,0,20.1,71,11,1024.2,24.3,39,17,1020.4,0,0,0,0,0,0,0,1,0,0,0,0
23/08/2023,2023,1,8,35,0.00000001,10.6,27.7,0,21.3,74,6,1024.2,25.7,38,22,1020.4,0,0,0,0,0,0,0,1,0,0,0,0
24/08/2023,2023,1,8,35,0.00000001,11.8,26.6,0,21.2,70,17,1024.7,24.5,50,30,1021.3,0,0,0,0,0,0,0,1,0,0,0,0
25/08/2023,2023,1,8,35,0.00000001,13.7,25.7,0,20.8,71,19,1024.8,24,53,30,1021.1,0,0,0,0,0,0,0,1,0,0,0,0
26/08/2023,2023,1,8,35,0.00000001,13,25.8,0,21.2,54,24,1025,23,54,30,1022,0,0,0,0,0,0,0,1,0,0,0,0
27/08/2023,2023,1,8,35,0.00000001,13.2,25.9,0,21.5,53,24,1025.1,24.4,45,26,1021.6,0,0,0,0,0,0,0,1,0,0,0,0
28/08/2023,2023,1,8,36,0.00000001,13.5,25.9,0,21.6,65,22,1023.6,24.3,46,24,1019.5,0,0,0,0,0,0,0,1,0,0,0,0
29/08/2023,2023,1,8,36,0.00000001,12.4,25.9,0,21.3,64,11,1021.3,24.4,45,20,1016.7,0,0,0,0,0,0,0,1,0,0,0,0
30/08/2023,2023,1,8,36,0.00000001,9.9,26,0,20.4,71,7,1018.1,24.2,48,24,1013.6,0,0,0,0,0,0,0,1,0,0,0,0
31/08/2023,2023,1,8,36,151.13,11.5,27.3,0,20.2,68,4,1017.3,26,42,22,1013.1,0,0,0,0,0,0,0,1,0,0,0,0
1/09/2023,2023,1,9,36,0.00000001,14.8,30.6,0,21.1,60,19,1017.6,28,41,22,1012.9,0,0,0,0,0,0,0,0,1,0,0,0
2/09/2023,2023,1,9,36,0.00000001,12.9,26.7,0.2,22.9,68,22,1019.9,24.8,53,26,1016.5,0,0,0,0,0,0,0,0,1,0,0,0
3/09/2023,2023,1,9,36,0.00000001,15,26.7,0,23.6,68,7,1020.9,25.3,56,26,1017.1,0,0,0,0,0,0,0,0,1,0,0,0
4/09/2023,2023,1,9,37,0.00000001,15.8,27.2,0,23.7,57,26,1019.6,24.8,49,31,1015.8,0,0,0,0,0,0,0,0,1,0,0,0
5/09/2023,2023,1,9,37,0.00000001,12.9,27.2,0,24.1,60,20,1019.4,25.8,48,28,1016.6,0,0,0,0,0,0,0,0,1,0,0,0
6/09/2023,2023,1,9,37,0.00000001,13.4,28.1,0,24.3,60,20,1020.8,26.1,50,19,1018.7,0,0,0,0,0,0,0,0,1,0,0,0
7/09/2023,2023,1,9,37,0.00000001,14.8,27.2,0,22.8,70,20,1023.6,25.3,56,20,1020.2,0,0,0,0,0,0,0,0,1,0,0,0
8/09/2023,2023,1,9,37,0.00000001,16.3,28.2,0.4,21.8,82,9,1022.5,25.5,64,22,1018.5,0,0,0,0,0,0,0,0,1,0,0,0
9/09/2023,2023,1,9,37,0.00000001,18.1,26.9,0.2,20.3,38,22,1024.8,25.3,44,26,1019.9,0,0,0,0,0,0,0,0,1,0,0,0
10/09/2023,2023,1,9,37,0.00000001,12.1,25.2,0,21.1,53,19,1024.8,23.5,43,33,1021.6,0,0,0,0,0,0,0,0,1,0,0,0
11/09/2023,2023,1,9,38,0.00000001,12.4,24.3,0,21.8,48,31,1026.1,21.5,48,33,1023.9,0,0,0,0,0,0,0,0,1,0,0,0
12/09/2023,2023,1,9,38,0.00000001,12.1,25.4,0,20.5,60,19,1027.9,18.1,75,33,1025,0,0,0,0,0,0,0,0,1,0,0,0
13/09/2023,2023,1,9,38,0.00000001,12.3,25.1,0.8,20.1,66,15,1028.2,23.6,43,28,1023.7,0,0,0,0,0,0,0,0,1,0,0,0
14/09/2023,2023,1,9,38,0.00000001,12.3,25.7,0,22.1,51,20,1026.5,22.5,52,33,1023,0,0,0,0,0,0,0,0,1,0,0,0
15/09/2023,2023,1,9,38,0.00000001,13,26.4,0,21.8,51,26,1025.3,24.1,46,28,1022.6,0,0,0,0,0,0,0,0,1,0,0,0
16/09/2023,2023,1,9,38,0.00000001,12.2,26.6,0,22.6,54,26,1025.1,25,42,30,1022.1,0,0,0,0,0,0,0,0,1,0,0,0
17/09/2023,2023,1,9,38,0.00000001,13.1,26.8,0,23.4,56,26,1025.4,25.4,44,24,1021.5,0,0,0,0,0,0,0,0,1,0,0,0
18/09/2023,2023,1,9,39,0.00000001,13.9,27,0,22.9,60,15,1024.3,25,52,26,1020.7,0,0,0,0,0,0,0,0,1,0,0,0
19/09/2023,2023,1,9,39,0.00000001,13.8,26.4,0,23.2,56,20,1022.6,24.5,50,26,1018,0,0,0,0,0,0,0,0,1,0,0,0
20/09/2023,2023,1,9,39,0.00000001,14.7,29.4,0,21.1,77,9,1020,25,59,24,1014.7,0,0,0,0,0,0,0,0,1,0,0,0
21/09/2023,2023,1,9,39,0.00000001,14.2,32.3,0,23.7,62,15,1017.2,28.8,47,22,1012.4,0,0,0,0,0,0,0,0,1,0,0,0
22/09/2023,2023,1,9,39,0.00000001,17.3,27.2,0,24.3,62,37,1019.7,24.4,49,39,1018.3,0,0,0,0,0,0,0,0,1,0,0,0
23/09/2023,2023,1,9,39,0.00000001,14.5,26.2,0,21.3,57,24,1024.2,21.7,47,35,1020.9,0,0,0,0,0,0,0,0,1,0,0,0
24/09/2023,2023,1,9,39,0.00000001,14.7,24.8,0.6,19.5,75,17,1024.5,22.9,47,30,1020.9,0,0,0,0,0,0,0,0,1,0,0,0
25/09/2023,2023,1,9,40,0.00000001,14.7,25.7,0.4,21.8,56,24,1024.2,23.7,43,24,1019.9,0,0,0,0,0,0,0,0,1,0,0,0
26/09/2023,2023,1,9,40,0.00000001,10.4,26.3,0,22.2,50,13,1023.1,24.7,38,20,1019,0,0,0,0,0,0,0,0,1,0,0,0
27/09/2023,2023,1,9,40,0.00000001,10.8,28.1,0,22.9,56,9,1022.3,25.8,48,22,1018.4,0,0,0,0,0,0,0,0,1,0,0,0
28/09/2023,2023,1,9,40,0.00000001,12.8,29.5,0,23.3,58,13,1023.7,26.5,44,26,1020.9,0,0,0,0,0,0,0,0,1,0,0,0
29/09/2023,2023,1,9,40,0.00000001,16,28.6,0,24,62,11,1025.9,25.1,57,20,1022.1,0,0,0,0,0,0,0,0,1,0,0,0
30/09/2023,2023,1,9,40,21392.86,13.4,28.2,0,23.1,59,9,1024.6,26.5,40,30,1019.9,0,0,0,0,0,0,0,0,1,0,0,0
1/10/2023,2023,2,10,40,0.00000001,14.2,27.4,0,23.3,50,15,1023.1,24.3,44,22,1019.6,0,0,0,0,0,0,0,0,0,1,0,0
2/10/2023,2023,2,10,41,0.00000001,14.8,28.3,0,24.8,56,19,1023.2,26.6,47,24,1020.2,0,0,0,0,0,0,0,0,0,1,0,0
3/10/2023,2023,2,10,41,0.00000001,14.9,28.2,0,25.4,46,20,1022.6,26.3,48,22,1019.3,0,0,0,0,0,0,0,0,0,1,0,0
4/10/2023,2023,2,10,41,0.00000001,14.9,28.8,0,25.4,53,22,1020.6,25.6,58,24,1017.4,0,0,0,0,0,0,0,0,0,1,0,0
5/10/2023,2023,2,10,41,0.00000001,21.7,29.3,0,25.7,68,28,1019.4,27.2,62,26,1015.9,0,0,0,0,0,0,0,0,0,1,0,0
6/10/2023,2023,2,10,41,0.00000001,18.3,31.6,0,25.2,25,19,1020.9,27.8,37,31,1016.7,0,0,0,0,0,0,0,0,0,1,0,0
7/10/2023,2023,2,10,41,0.00000001,16.1,27.4,0,24.2,53,28,1023.4,25.7,48,37,1020.8,0,0,0,0,0,0,0,0,0,1,0,0
8/10/2023,2023,2,10,41,0.00000001,14.9,25.8,0,23.5,48,33,1026.8,22.6,46,30,1024.5,0,0,0,0,0,0,0,0,0,1,0,0
9/10/2023,2023,2,10,42,0.00000001,12.6,26.4,0.2,20.9,58,35,1026.2,23.8,49,24,1021.9,0,0,0,0,0,0,0,0,0,1,0,0
10/10/2023,2023,2,10,42,0.00000001,14.5,27.5,0,23.8,49,19,1022.7,26.1,32,26,1018.9,0,0,0,0,0,0,0,0,0,1,0,0
11/10/2023,2023,2,10,42,0.00000001,13.9,28.4,0,24.4,57,11,1023.5,26.4,42,28,1020.5,0,0,0,0,0,0,0,0,0,1,0,0
12/10/2023,2023,2,10,42,0.00000001,14.8,28.6,0,23.9,57,13,1023.9,25.8,46,28,1019.7,0,0,0,0,0,0,0,0,0,1,0,0
13/10/2023,2023,2,10,42,0.00000001,14.8,29.2,0,25.5,47,19,1019.4,27.1,39,35,1014,0,0,0,0,0,0,0,0,0,1,0,0
14/10/2023,2023,2,10,42,0.00000001,14.5,31.4,0,25.1,45,13,1018.9,27.5,46,24,1014.6,0,0,0,0,0,0,0,0,0,1,0,0
15/10/2023,2023,2,10,42,0.00000001,16.5,30.5,0,25.7,60,13,1019.5,27.5,53,28,1015.1,0,0,0,0,0,0,0,0,0,1,0,0
16/10/2023,2023,2,10,43,0.00000001,21.1,29.2,0,26,54,22,1017.5,26.4,58,33,1013.7,0,0,0,0,0,0,0,0,0,1,0,0
17/10/2023,2023,2,10,43,0.00000001,16,30,0,26.2,56,28,1018.4,25.8,47,39,1017,0,0,0,0,0,0,0,0,0,1,0,0
18/10/2023,2023,2,10,43,0.00000001,15.6,27.4,0,22.2,58,26,1023.8,25.6,47,35,1020.1,0,0,0,0,0,0,0,0,0,1,0,0
19/10/2023,2023,2,10,43,0.00000001,14.8,27.1,0,23.4,43,28,1021.7,25.9,40,31,1016.6,0,0,0,0,0,0,0,0,0,1,0,0
20/10/2023,2023,2,10,43,0.00000001,14.6,29.4,0,24.6,51,22,1018.7,27,44,31,1014.5,0,0,0,0,0,0,0,0,0,1,0,0
21/10/2023,2023,2,10,43,0.00000001,16.1,29.5,0,25.5,50,11,1019,27.4,42,22,1014.9,0,0,0,0,0,0,0,0,0,1,0,0
22/10/2023,2023,2,10,43,0.00000001,15.8,30.5,0,26,55,15,1017.7,26.8,54,28,1013.2,0,0,0,0,0,0,0,0,0,1,0,0
23/10/2023,2023,2,10,44,0.00000001,20.6,30,0,26.5,53,19,1016.5,27,57,28,1012,0,0,0,0,0,0,0,0,0,1,0,0
24/10/2023,2023,2,10,44,0.00000001,19,29.6,0,26.9,53,17,1017.1,26.5,55,28,1014.5,0,0,0,0,0,0,0,0,0,1,0,0
25/10/2023,2023,2,10,44,0.00000001,17.7,29.5,0,27.9,56,20,1017.7,27,56,24,1013.5,0,0,0,0,0,0,0,0,0,1,0,0
26/10/2023,2023,2,10,44,0.00000001,17.8,31,0,27,57,15,1015.4,27.4,59,28,1010.7,0,0,0,0,0,0,0,0,0,1,0,0
27/10/2023,2023,2,10,44,0.00000001,18.4,30.2,2.6,23.1,17,22,1018.6,29.3,8,24,1014.8,0,0,0,0,0,0,0,0,0,1,0,0
28/10/2023,2023,2,10,44,0.00000001,15.6,27.9,0,23.6,44,33,1022.9,25.1,45,41,1019.5,0,0,0,0,0,0,0,0,0,1,0,0
29/10/2023,2023,2,10,44,0.00000001,13.6,26.9,0,24,41,26,1021.6,24.8,39,28,1017.2,0,0,0,0,0,0,0,0,0,1,0,0
30/10/2023,2023,2,10,45,0.00000001,13.8,27.9,0,24.9,47,6,1020.3,25.8,42,26,1015.4,0,0,0,0,0,0,0,0,0,1,0,0
31/10/2023,2023,2,10,45,900,14.7,28.8,0,26.8,46,22,1017.7,27.7,39,33,1012.8,0,0,0,0,0,0,0,0,0,1,0,0
